﻿Column1,speakerId,text,confidence,start,end,PodcastID,UniqeWordsNum,NeedTagging
0,1,"ودايما يقولولي مثلا لما يشوفوني حاطه ميك أب وبصور فيه ياماما والله أحلى بدونه، إيميه",0.7436,12:00:00 AM,12:00:06 AM,biqawi_#12,15,TRUE
1,1,"هيك تظل تحكي لي وأبوي فما كان يستوعبوا مش زي هلأ هلأ إذا بدك بشكل عام الناس شو إللي أثر. أنا بدي أحكي السوشيال ميديا أكيد اليوم انسرقت عقول البنات، إنت اليوم مثلا بتشوف بتشوف التركس بتعملها بالألوان بالكونتور والهايلايت بتغير شكل الحدا 1,000,000 درجة الأشياء هذه طبعا اثرت، صار كتير ترند أكثر، شوف اليوم مبيعات الكوسمتكس والميك أب قديه زادت عن المقارنة قبل عشر سنين أو خمس سنين حتى.",0.6045,12:00:07 AM,12:00:37 AM,biqawi_#12,65,TRUE
2,1,فل.,0.0611,12:00:45 AM,12:00:47 AM,biqawi_#12,1,FALSE
3,2,مرحبا يا فاتن.,0.871,12:00:49 AM,12:00:50 AM,biqawi_#12,3,FALSE
4,1,اهلا احمد.,0.7584,12:00:53 AM,12:00:54 AM,biqawi_#12,2,FALSE
5,2,كيف حالك؟,1,12:00:54 AM,12:00:55 AM,biqawi_#12,2,FALSE
6,1,منيحة إنت كيفك؟,0.6869,12:00:55 AM,12:00:56 AM,biqawi_#12,3,FALSE
7,2,كيفك كيف الإنترنت هسا؟ الإنترنت في البلد تعيس ولا مش تعيس.,0.6869,12:00:56 AM,12:01:02 AM,biqawi_#12,10,TRUE
8,1,تعيس جدا تعيس.,0.5287,12:01:04 AM,12:01:05 AM,biqawi_#12,3,FALSE
9,2,فهو غالي ولا مش غالي؟,0.6566,12:01:06 AM,12:01:07 AM,biqawi_#12,5,TRUE
10,2,هو غالي وتعيس غالي وتعيس,0.7192,12:01:10 AM,12:01:12 AM,biqawi_#12,3,FALSE
11,1,كله مع بعض ها غالي وتعيس,0.7192,12:01:12 AM,12:01:15 AM,biqawi_#12,6,TRUE
12,2,طيب يعطيك ألف عافية و الله يعافيك مش راح أحكي للناس على موضوع التأخير هادا بنحكي تحت ال بنحكي فيه بعدين هاد يعني بستخدمه بمقابلات ثانية,0.7192,12:01:16 AM,12:01:25 AM,biqawi_#12,25,TRUE
13,2,فاتن بدي أبلش أول شيء بالسؤال الاعتيادي فاتن كيف بتعرف حالها اليوم وكيف بتحبش الناس تعرفها؟,0.6987,12:01:27 AM,12:01:33 AM,biqawi_#12,15,TRUE
14,1,حتى اليوم تعرف على حالها ريادية وبتكره تعرف على حالها كمايك اب أرتيست أو خبيرة التجميل.,0.6471,12:01:35 AM,12:01:42 AM,biqawi_#12,13,TRUE
15,2,أه ليه؟.,0.4628,12:01:42 AM,12:01:43 AM,biqawi_#12,2,FALSE
16,1,لي لانه بحس إنه اللقب هذا هيك خلص صار جايب مع صورة بقالب يعني بنحط بصورة نمطية معينة ما بحس إنها بتناسبني. طبعا مع احترامي لكل الناس إللي هيك ألقابهم.,0.7484,12:01:45 AM,12:02:00 AM,biqawi_#12,27,TRUE
17,2,"وهذا من إمتى صار الشعور عندك؟ أنا بحس بحس إنك إنت حدا جوا يعني جوا السستم يعني embedded إنت في ال ميك أب،",0.7809,12:02:01 AM,12:02:09 AM,biqawi_#12,19,TRUE
18,2,مفاجأة إنه إنت بتحبيش حدا يعرفك بالظبط؟,0.7276,12:02:10 AM,12:02:12 AM,biqawi_#12,7,TRUE
19,1,أوكي بس ما حب ما بحب اللقب ما بحب اللقب لإنه بحس إنه فيه كتير صورة نمطية يعني ما بتشبهني,0.7276,12:02:12 AM,12:02:20 AM,biqawi_#12,15,TRUE
20,1,يعني ببساطة,0.8566,12:02:21 AM,12:02:23 AM,biqawi_#12,2,FALSE
21,2,وهذا الحكي من إمتى؟,0.8647,12:02:24 AM,12:02:25 AM,biqawi_#12,4,TRUE
22,1,هاد الحكي لا مش من زمان يعني مش من زمان صراحة من لما صار عنا موضة الميكأب ارتست أو مجال الميكأب صرت تحس إنها يعني,0.6186,12:02:27 AM,12:02:37 AM,biqawi_#12,19,TRUE
23,1,خلص صار فيها كثير ناس شوهوا المجال خليني أحكي فصار في عند الناس زي صورة هيك آه يعني خلص هيك بيقرروا قبل أن آه أنت مايك اب انت من هدول تعون انستجرام وهيك يعني إذا كأنه الشيء صار مربوط ب,0.6877,12:02:38 AM,12:02:54 AM,biqawi_#12,35,TRUE
24,1,شيء معين يعني ما بيشبهني صراحة.,0.6513,12:02:54 AM,12:02:57 AM,biqawi_#12,6,TRUE
25,1,وبس وأنا بحس إنه.,0.5894,12:02:58 AM,12:03:01 AM,biqawi_#12,4,TRUE
26,1,بالأخر أنا دخلت مجال الميكاب والتجميل والهدف واضح وصريح إنه أنا بدي يكون عندي مشروع لإلي آه بيكون عندي دخل مادي مستقل إلى آخره فأنا دخلت مجال التجميل من الباب الريادي ما دخلته لأجل الميكب والتجميل والى أخره.,0.6822,12:03:02 AM,12:03:17 AM,biqawi_#12,33,TRUE
27,1,"فبحس موضوع الريادة بيشبهني أكثر بيشبه شخصيتي أكثر وبيشبه هيك آه بيشبه شو أنا بحب أعمل أكثر من ال ميك أب،",0.6771,12:03:18 AM,12:03:26 AM,biqawi_#12,18,TRUE
28,2,"طب بتعرفي أنا هلاء وأنت قاعد بتحكي أ بفكر أصلا إنه هاي ال يعني من لما بلشت إنه شو الأسئلة إللي دفعتني بإتجاه هاي الحلقة إيه إيه بعدين كيف أنا وصلت لفاتن لإنه بالأساس في إشي إله علاقة بي بالميك أب  أرتيست بالريادة وبال start-up منتجات تجميل ايي هو بعوالم influencers من وعوالم مؤثرين حقيقة عم بيأثروا بتفاصيل سياسية واجتماعية وكمان إييه كمان إللي هي تجارة influencers وهيك، فلما كنت بسأل إنه أنا طب مع مين ممكن أبني هذا الحكي؟",0.6533,12:03:27 AM,12:04:01 AM,biqawi_#12,70,TRUE
29,2,يعني مع مين ممكن أسأل عن العوالم هاي إللي دايما بنتفاجأ فيها.,0.7088,12:04:01 AM,12:04:04 AM,biqawi_#12,12,TRUE
30,2,"كانت يمكن في أسماء كثير محدودة إللي إللي انطرحت وتناقشت أو أو ال ال الأصدقاء والأقارب، طرحوها علي واحد منهم، اسمك إيه إيه واسمك فعلا يبدو باكاج. فنحنا بدنا نبلش أول شيء إنه إنه من وين، من كيف دخلتي في الميكاب أصلا قبل ما تكرهي التعريف يعني، أو ترفض التعريف",0.8048,12:04:05 AM,12:04:24 AM,biqawi_#12,41,TRUE
31,2,آه آه,0.8084,12:04:25 AM,12:04:26 AM,biqawi_#12,1,FALSE
32,2,وقبل ما تصير اليوم ريادية من وين بلشت القصة حكيتي لي قصة طريفة كانت بتتعلق بأنه آه رحتي ت آه رحتي على صالون تجميل كان أداؤه سيء من الأداء السيئ إللي نحنا كلياتنا وطلعت بيضة.,0.6914,12:04:26 AM,12:04:41 AM,biqawi_#12,32,TRUE
33,1,هاهاها.,0.5503,12:04:43 AM,12:04:43 AM,biqawi_#12,1,FALSE
34,1,تمام بالظبط بلش الموضوع بلش موضوع الميكأب مع موضوع الريادة هي هيك يعني قصتين مختلفتين والصدفة جمعتهم مع بعض آه موضوع الميكاب ليش بلشت أنا أتعلمو لإلي لحالي لي بتعرف كلنا بالزمانات يعني موضوع الميكأب عنا بالبلد.,0.6471,12:04:44 AM,12:05:04 AM,biqawi_#12,30,TRUE
35,1,إللي هي بتروحي بتطلعي,0.8224,12:05:06 AM,12:05:08 AM,biqawi_#12,4,TRUE
36,1,قلبي حالة روحنا. بتذكر أول مرة رحت على الصالون أحط ميك أب كان وقت تخريجي التوجيهي.,0.6492,12:05:08 AM,12:05:13 AM,biqawi_#12,16,TRUE
37,1,إيه لليوم ما عندي ولا صورة من هذا اليوم قد ما كرهت منظري يعني أي صورة بشوفها بقى كنت أمزعها بيضاء حواجب حز أشياء غريبة يعني ghost فاهم شبح.,0.7086,12:05:14 AM,12:05:25 AM,biqawi_#12,26,TRUE
38,1,"فكان شيء كثير سيء بعدها آه خلاص صرت أحكي إنه طب ليه ما أنا أفتح يوتيوب وأتعلم، يعني لما بدي أشي أحط لحالي ما بدي أرجع أروح ع صالون هيك بلش موضوع makeup معي، بس ليش إنه أنا والله إنولدت بحب ال عندي ها الشغف ولا عندي حب المكياج لا وأنا ربيت في بيت ما فيه الميكأب مش كثير إشي دارج يعني أمي ما عمرها حطت ميك أب ما كنت أشوف الميكب بتاعها وألعب فيه لا ما كان هذا الشيء موجود.",0.655,12:05:26 AM,12:05:50 AM,biqawi_#12,68,TRUE
39,1,آه فصفى الاشي إنه أنا بس بدي أستغني عن موضوع الصالون هذا بالنسبة لموضوع الميك اب بلشت أدخل على اليوتيوب أحضر وصار الاشي هيك addictive يعني إنه كل يوم أدخل أحضر tutorials أنه أشوف كيف الناس تتحول.,0.6208,12:05:51 AM,12:06:05 AM,biqawi_#12,33,TRUE
40,1,بالميك أب فهذا الحكي يعني عم تحكي بال2000 وإحدى عشر يعني كثير زمان هاهاها,0.7329,12:06:06 AM,12:06:12 AM,biqawi_#12,13,TRUE
41,1,"وبعدها إمم في هذا الوقت كان قبلها بسنة تقريبا كنت بالمدرسة هلأ نيجي لموضوع الريادة، كيف دخلوا ببعض موضوع الريادة، كنت بالمدرسة بصف 11",0.7262,12:06:13 AM,12:06:25 AM,biqawi_#12,21,TRUE
42,1,"في مؤسسة إسمها مؤسسة إنجاز يمكن كثير منكم بيعرفوها آه إللي هي بتدرب الطلاب أكثر بتعطيهم معلومات عن البزنس وعن هذه الأمور ففي عندهم آخر برنامج هو برنامج الشركة الطلابية إللي هو مجموعة من الطلاب خليهم يشر يأسسوا ويشاركوا بتأسيس الشركة بكل تفاصيلها طبعا بالتعاون مع القطاع الخاص، فعملنا شركة طلابية تم اختياري وقتها إنه أنا أكون المدير التنفيذي لهذه الشركة الطلابية تنافسنا على مستوى المحافظات بفلسطين فزنا هون بالمركز",0.7112,12:06:26 AM,12:07:01 AM,biqawi_#12,62,TRUE
43,1,"الأول تأهلنا لحتى نتنافس بالوطن العربي مع الدول الثانية في المغرب وقتها كانت بال2010 هذا الحكي وهناك أنا فزت بأفضل ريادي صغير فزت بهذه الجائزة إللي هي أفضل سي إي أو إي للشركة طلابية هلأ هذه الشغلة خلتني ما بعرف بشكل أو بآخر أعرف إنه أنا ما بدي أكون موظفة يعني في حياتي هذا إللي بتذكره قبل ما أدخل التوجيهي فكنت وقتها بحضر اليوتيوب، رحت أحكي لأبوي خلاص أنا ما بدي أدرس بالجامعة جاي عبالي أدرس تجميل.",0.706,12:07:01 AM,12:07:32 AM,biqawi_#12,63,TRUE
44,1,وأبوي إنهار إنه كيف يعني إنتي آه ماخدة جاي هاي الجائزة وجايبة 93 بالتوجيهي وبدك تروحي تدرسي تجميل وبال 2010 أو ال2011 و بهذه الفترة إذا بدك تتذكر يمكن المجال المهني إللي هو مجال التجميل ما كانت trend زي هلأ ما كان هالقد كول كان يمكن إللي بيروحوا إللي ما عندهم تحصيل علمي عالي للأسف يعني كان في هذه الصورة النمطية. هلأ أنا اليوم ما بندم صراحة ما بندم أبدا إني رديت على أهلي يعني أهلي بالآخر قالولي إنه فاتن روحي خديه شهادة.,0.6913,12:07:33 AM,12:08:08 AM,biqawi_#12,68,TRUE
45,1,"جامعية بعدين روحي سوي شو ما بدك، المهم خلصي جماعتك فدخلت بيرزيت. تخصصت دخلت كلية التجارة",0.6576,12:08:08 AM,12:08:15 AM,biqawi_#12,16,TRUE
46,1,"وهيك بلش الموضوع حب الميكأب قلت بدي أصير أطبق على حالي أتهبل على حالي يعني إنه هيك بس أقعد أطرش حالي مايكاب وبشكل أهبل يعني فاهم كنت حدا لسه كثير مبتدئ، فا وقتها قلت بدي أفتح صفحة الانستغرام هيك بال2012 وخطرت لي كنت بالجامعة يعني لليوم أصدقائي بالجامعة بي بهيك بيضحكوا علي، بقولولي بتتذكري لما كنت تيجي على محاضرة التمانة حاطه فل ميك أب، طبعا كنت أصحى الستة عشان أتدرب على حالي على الميكأب وأنزل البوست على الانستغرام.",0.6148,12:08:16 AM,12:08:49 AM,biqawi_#12,60,TRUE
47,1,فبس هيك بلش الموضوع صدفة في صدفة لحد ما الناس تفاعلوا مع الاشي وتطور الإشي أكثر على الأنستغرام وصارت الناس تقول لي إنه فاتن مثلا اعملي لنا الميكأب تاعنا هيك تحول للبزنس شوي شوي يعني فاهم بس ما بلش الشي كأنه والله صورة واضحة أنا بدي بدي أصير أشتغل من makeup artist.,0.5711,12:08:50 AM,12:09:10 AM,biqawi_#12,45,TRUE
48,2,طب وهكذا.,0.5711,12:09:10 AM,12:09:12 AM,biqawi_#12,2,FALSE
49,2,طب فاتن بدي أسأل شغله على مستوى ثقافي واجتماعي ذكرت شيء بيتعلق في في الوالد يخلي لك إياه و و شيء بيتعلق في المجتمع وأنا بدي أربطهم بأشياء إنه مش بس ب2011 ما كانت فكرة العمل المهني أو التجميل المهني ما كان دارجه وفعليا لسه الناس ما كانت أصلا تجرؤ على مشاركة صورها.,0.7325,12:09:13 AM,12:09:30 AM,biqawi_#12,42,TRUE
50,2,إيه إيه بمعنى الناس كانت فعليا مثلا على الفيسبوك بتلاقي الصبايا كتير حاطه وردة إيه إيه وبنفس الوقت في أماكن ثانية آش فكرة صالونات التجميل بظن لحد 2011 إي وما قبلها كانت امتداد للصالونات التجميل إللي هي من التسعينات إللي كانت مثلا صالون تجميل فاتن وصالون تجميل إيه إيه منتهى وزهوة وسهيلة وكذا إيه إيه بظن كان الثقافة التجميل كثير مختلفة عن عن شو بيصير اليوم ويمكن,0.7729,12:09:30 AM,12:10:02 AM,biqawi_#12,51,TRUE
51,2,اليوم إنت بتحكي إنه إيه إيه الوالدة مثلا يخلي لك إياها هي ما كانت تحط ميك أب بس هو هذا الشيء إللي كان عادي وقتها بمعنى إحنا كنا يعني وإحنا صغار كبرنا ومنتطلع على الصبية إللي بتحط ميك أب أو الست إللي بتحط ميك أب إنه هي استثناء هاي جاي من برة أو متعلمة برة أو إشي غريب.,0.7682,12:10:02 AM,12:10:20 AM,biqawi_#12,45,TRUE
52,1,عن هون 100%.,0.7682,12:10:20 AM,12:10:21 AM,biqawi_#12,3,FALSE
53,2,كيف تغيرت هذا الشيء وكيف انعكست عليكي على مستوى شخصي قبل ما ندخله على ندخل على مستوى مهني؟ أحكي لي عن البيت أكثر.,0.7682,12:10:21 AM,12:10:28 AM,biqawi_#12,20,TRUE
54,1,يعني أنا شوف أنا.,0.6471,12:10:33 AM,12:10:34 AM,biqawi_#12,4,TRUE
55,1,أول ما تقبلوا الموضوع يعني أبوي لحد ما بلش لحد ما صار في عندي يعني حجم زبائن كثير كبير وفتحت الصالون أنا بس يعني أنا كنت بشتغل من سنة ثانية جامعة بشتغل في ال makeup وفعليا صار عندي دخل ثابت واستقلالية مادية من سنة ثانية جامعة فأهلي صاروا يشوفوا كيف الشيء تحول من خلينا نحكي من مجرد فكرة كانت بالنسبة لهم إنه شو بدك تساوي makeup يعني إنه كان شيء كثير غريب بالنسبة لإلهم ودائما يقولولي مثلا لما يشوفوني حاطه ميك أب وبصور فيه.,0.7053,12:10:35 AM,12:11:05 AM,biqawi_#12,63,TRUE
56,1,يا ماما والله. أحلى بدونه إيمي,0.641,12:11:05 AM,12:11:07 AM,biqawi_#12,6,TRUE
57,1,"هيك تضل تحكي لي وأبوي فما كان يستوعبوا مش زي هلأ هلأ إذا بدك بشكل عام الناس شو إللي أثر؟ أنا بدي أحكي السوشال ميديا، أكيد اليوم إنسرقت عقول البنات إنه إنت اليوم مثلا بتشوف بتشوف تريكس بتعملها بالألوان و بالكونتور والهايلايت بتغير شكل الحدا 1,000,000 درجة الأشياء هذه طبعا قصرت، صار كتير ترند أكثر، شوف اليوم مبيعات ال كوزمتكس والميك أب أديه زادت عن المقارنة قبل عشر سنين أو خمس سنين حتى.",0.6249,12:11:08 AM,12:11:38 AM,biqawi_#12,68,TRUE
58,1,فاليوم البنات آه سن 15 و16 بتلاقي عندهم كولكشن ميك أب جاهز بالبيت خلاص يعني مش إنه لازم زمان الميكأب يعني تدخلي جامعة وبعد,0.6609,12:11:39 AM,12:11:49 AM,biqawi_#12,23,TRUE
59,1,أم,0.7832,12:11:51 AM,12:11:51 AM,biqawi_#12,1,FALSE
60,1,"كنا عم هيك العود يعني ما حدا كان عمرك 20 سنة بس في وقتي كان إنه ما في حدا بالمدرسة بحط ميك أب ما كان الشيء كثير دارج ما كان شيء وارد اليوم بتلاقي بنات صف سابع وثامن بيحطوا ميك أب وبيحطو ميكاب حلو ومرتب لأنه السوشيال ميديا اليوم خلص، علمت الكل وعملت standards أو معايير للجمال، كثير مختلفة على وقتنا، وقتنا كان كل شيء ابسط، كان إنه الجد زي ما إنت حكيت لي بتحط ميك أب كثير هي استثناء هاي يعني غريبة.",0.6381,12:11:52 AM,12:12:21 AM,biqawi_#12,62,TRUE
61,1,فاليوم لا بطل هذا الاشي.,0.5122,12:12:22 AM,12:12:24 AM,biqawi_#12,5,TRUE
62,2,ال أمك اليوم الوالدة بتحط ميك أب؟,0.5122,12:12:25 AM,12:12:28 AM,biqawi_#12,7,TRUE
63,1,لا ما بتحط makeup لليوم يعني وقت عرسي ترجيتها أحطلها ميكاب وما رضيت بس يعني بحسدها بحكي إنه ما أحلى الواحد يكون واصل لهاي المرحلة.,0.6327,12:12:29 AM,12:12:39 AM,biqawi_#12,23,TRUE
64,1,طيب إنه ها القد متقبلة حالها.,0.7209,12:12:40 AM,12:12:42 AM,biqawi_#12,6,TRUE
65,2,وكمان سؤال لما بتحكي لي على صف سابع وثامن أنا بتذكر نحنا صف سابع وثامن كنا ممنوعين نحط جل مثلا والبنات كانوا المريول تبعها لازم يكون في كذا طبعا يعني للأسف هذا قبل أعمار يعني قبل سنين بس لما بتحكي لي صف سابع وثامن بيحطوا ميك أب بنزلوا على المدرسة حاطين ميك أب يعني الشيء صار فارض حاله.,0.7209,12:12:42 AM,12:13:01 AM,biqawi_#12,43,TRUE
66,1,"يعني فارض حاله هلأ depends على المدرسة أو بيعتمد على المدرسة بس خليني أحكي يعني أنا بشوفها مثلا على السوشيال ميديا من الناس إللي أنا بعرفهم بأعمار صغيرة من المحيط إللي حوالي اه عادي اليوم بتلاقي بنت بالمدرسة بتحط ميك أب مسكارا فاونديشن وكونسيلر، وكل هذه التفاصيل إللي نحنا يمكن تعرفنا عليها بعد ما خلصنا مدرسة.",0.7093,12:13:04 AM,12:13:22 AM,biqawi_#12,48,TRUE
67,1,أوكي بعد ما خلصنا مدرسة,0.616,12:13:24 AM,12:13:25 AM,biqawi_#12,5,TRUE
68,1,آه أصلا.,0.3504,12:13:26 AM,12:13:27 AM,biqawi_#12,2,FALSE
69,1,جديد.,0.4839,12:13:28 AM,12:13:29 AM,biqawi_#12,1,FALSE
70,1,"فالعالم اختلف والجيل اختلف، والعقلية كلها اختلفت، كان يشارك الصور تاعته بأريحية كثير، اليوم بتيجي الزبونة مثلا، هي بتقول لك إنه صو صوريني مثلا ونزليني إنه بيحبوا البنات صاروا يتصوروا و ينزلوا صورهم بميكاب مرتب متكتك، إلى أخره، زمان كنا نترجى البنات ممكن أصور الميكاب، ممكن أنزل صورتك تبقى قص وجهك من النص عشان أقدر أنزل الصورة إنه كنت إنت تعمل هذا المجهود اليوم ال.",0.6042,12:13:31 AM,12:14:01 AM,biqawi_#12,59,TRUE
71,1,"البنت أو الزبونة أو الصبية هي إللي بتبادروبتقول لا صوريني بدي صور بدي إشي، فكل يعني سوشيال ميديا قلبت كل المعايير خليني أحكي مش بس بالميكاب بالصور بكل شيء.",0.6487,12:14:01 AM,12:14:13 AM,biqawi_#12,27,TRUE
72,2,ها هي هي بالصور يعني أنا. أنا واضح لي مسار الصور بس منك اليوم أكثر بدي امسك مسار الميكأب تحديدا يعني بس مسار الصور بشكل أساسي فكرة إنه هاي الانتقال من مرحلة الوردة لمرحلة الصور لمرحلة الانستجرام والانستجرام الببليك بروفايل مش مش مشكلة يعني مش  closed مش برايفت او مرحلة إنه كان في 5000 واحد على مستوى اجتماعي أخوها وابن عمها وابن حارتها وابن كذا أو أصحاب أخوها وأصحاب أولاد عمها بتدخلوا بقضية ال.,0.7094,12:14:13 AM,12:14:44 AM,biqawi_#12,56,TRUE
73,2,"الصور وصلنا لمحل اليوم إنه في photo sessions يعني إنه لا في photo sessions  بأرقام متواضعة بينفع الواحد يعملها وينزل مجموعة من الصور بظن كمان كيف إنت بتقولي إنه نحنا يمكن يعني على مستوى ماركيتينج وعلى مستوى يعني بال بنفس السياق و بموازاته بمقابله على مستوى ماركيتينج عالمي يعني عالمي إيه إيه من فكرة شكل استخدامنا لمعجون الأسنان على الفراشة، كيف بعم علينا يعني على مستوى تفاصيل كثير صغيرة زي هيك.",0.7726,12:14:44 AM,12:15:15 AM,biqawi_#12,50,TRUE
74,2,بظن يبدو لي إنه إنه كل الصورة. الصورة الصبية لحالها إي قاعدة بتختلف من خلال يعني قديش بيكون فيه إي تأثير ومن خلال التسويق الكثير لمنتجات التجميل بس إي بدي أسأل على البلد فاتن إنت بتعتبري حالك مثلا 2011 بلشت الطفرة تبعت ال يعني إنت كنت قبلها بعدها إي أو خلالها اه خلال الطفرة والموجة الكبيرة تبعت.,0.7248,12:15:16 AM,12:15:47 AM,biqawi_#12,48,TRUE
75,2,"دخول الميكأب أرتست لعوالم السوشيال ميديا، أو، أو تحولهم لأكثر من صبية أكثر، يعني إي كسر الصورة النمطية للميك أب ارتست، اه لتريند هيك خلينا نقول",0.6917,12:15:47 AM,12:16:01 AM,biqawi_#12,26,TRUE
76,1,"شوف لما بلشنا بال2012 بس قبل ما أعلق هذا الموضوع بدي أحكي كمان عشان الناس ما تفهمني غلط، أكيد في فئة لسه اليوم بتعاني من إللي إنت حكيتو هلأ إللي هو أخوي وابن عمي وعيلتي وإلى آخره موجودين وما بنقدر ننكر إنهم موجودين.",0.7844,12:16:02 AM,12:16:18 AM,biqawi_#12,41,TRUE
77,1,بس الفئة أو النسبة كثير قلت مابتتقارن بقبل خمس سنين أو حتى حتى.,0.7736,12:16:18 AM,12:16:24 AM,biqawi_#12,12,TRUE
78,1,"الجزء الثاني بتحكي على موضوع الميكأب أرتست إحنا لما بلشنا كان أصلا يعني يمكن بلشت أنا وكمان صبية بنفس الوقت إللي هي يعني بلشت بنفس الموضوع إنه نحنا ما عنا صالونات نحنا مش أسماء كبيرة بس كان الدارج أكثر في البلد عنا إنت بتروح صالون هذا الصالون بتعمل فيه makeup  وشعر وكل إشي بس ما كان في فكرة إنه أنا أروح عند صبية بس هي تعملي ميك أب ما كانش وارد هذا الحكي فال الكونسبت كله أو الفكرة كلها ما كانت موجودة، الناس كانت تقول لها أن تقول لي إنه بدي احجز مثلا هيك makeup وشعر بقلها أنا مش صالون  .",0.6711,12:16:26 AM,12:17:01 AM,biqawi_#12,75,TRUE
79,1,أنا ما عندي شعر أنا بس بعمل ميك أب فإنه كيف يعني يستغربوا شوي شوي آه مشي الموضوع وصار دارج أكثر صرت تلاقي بنات كثير مثلا عم بس يعني خليني أحكي معها بلشت الطفرة هذه قبل ال2014.,0.6555,12:17:01 AM,12:17:15 AM,biqawi_#12,33,TRUE
80,1,يعني أنا تقريبا أول سنتين بلشت فيهم وهادا خليني أحكي بصراحة هيدا جزء كثير ساعدني لأوصل للمكان إللي أنا وصلت له بشغلي إنه أنا من الناس إللي بلشوا كتير بدري.,0.7241,12:17:15 AM,12:17:28 AM,biqawi_#12,27,TRUE
81,1,"أوكي يعني ما كان ما كان في منافسة، ما كان في منافسة أصلا في السوق كثير كبيرة واللي كانوا بيعملوا ميك أب من قبل كانوا بيعملوا ميك أب التقليدي مش هن الكثير مثلا أقرب لل بيشوفوا الناس على ال على الانستغرام وإلى آخره إللي هي الصورة النمطية makeup التقليدي إللي كلنا كنا نعاني منها بالصالونات فهذا إللي كان دارج أكثر فلما دخلنا اي أو لما دخلت على السوق ما كان في هذا الحد إللي ينافس معي هذا جزء كثير ساعدني ما بقدر أنكر.",0.7239,12:17:28 AM,12:17:58 AM,biqawi_#12,59,TRUE
82,1,"هلأ بال2014 بلشوا بلشت الاشي يصير موضة. يصير تريند إللي هو تلاقي الناس مثلا عم يرن عليه. فاتن بدي أخذ دورة، بدي تعلميني كيف أعمل ميكأب زي تاعك، بدي أصير أشتغل، فا هكذا يعني، بس الإشي بلش نقدر نحكي بال2014 تقريبا",0.6549,12:17:59 AM,12:18:18 AM,biqawi_#12,37,TRUE
83,2,طب وفاتن كمان كمان سؤال الصبايا اللي انضموا واشتغلوا في في هذا المجال. إييه حجمهم كبير بنقدر نعتبرهم إنه يعني كمان نوعية الصبايا,0.6549,12:18:19 AM,12:18:30 AM,biqawi_#12,19,TRUE
84,2,إللي هم بيكونوا طلاب جامعات طالبات جامعات أو ما بعد ذلك وبلشوا يدخلوا المجال يعني,0.7708,12:18:30 AM,12:18:35 AM,biqawi_#12,14,TRUE
85,2,"إيه بنقدر نعتبر إنه إنه كل فكرة الميكأب في البلد صارت إشي لاعتماد الصبايا على حالهم أكتر، تأسيس المشاريع صغيرة لإلهن أكثر أو إنه في دخل إيه إيه مش مكلف مش محتاجة تكون عندها رأس مال كبير عشان تعملوا في إشي زي هيك عم بصير.",0.8227,12:18:36 AM,12:18:53 AM,biqawi_#12,37,TRUE
86,1,"آه أكيد يعني هذا هو خليني أحكي يمكن الدافع الأكبر إللي بيخلي الناس بتيجي على هذا الشيء لإنه بقلك هو شيء مطلوب وأشي أنا بقدر أتعلمه بسهولة بس هاي يعني كثير مثلا بنات لما بيجوا بياخذوا دورات عندي أنا بقولها مثلا إنت ليه بدك تشتغلي بهذا المجال، أول سؤال بسأله للبنت دايما إنت ليه حابه تفوتي هذا المجال أغلب البنات بتكون جوابهم انو شغل مصدر للدخل منيح وهذا الشيء غير كاف فيه، عشان هيك اليوم نحن منشوف كثير أسماء بتدخل",0.742,12:18:54 AM,12:19:24 AM,biqawi_#12,70,TRUE
87,1,هذا المجال بتجرب بتجرب تجرب وبتطلع لإنه أنا أكون داخله للموضوع بس لسبب مادي أو لهدف مادي كثير صعب الواحد يقدر يكمل فيه,0.6876,12:19:24 AM,12:19:35 AM,biqawi_#12,21,TRUE
88,1,"باقي ال أوكي يعني الموهبة أي واحد بقدر يتعامل يتعلم الموهبة مش إنه والله الشغف وإنه الواحد بيعرف يمكيج واشي ست آه يعني اختراع ذرة لا هو أبدا مش هيك، بس الفكرة إنه في ناس جد ما عندها الموهبة يعني في ناس أنا وصلت لمرحلة بدور اتناولها إنه جاد موضوع غير مناسب إلك بضلو مصرين وضلو مكملين وخلاص، أنا عملت إللي علي أنا حكيت راح رأيي بالآخر ونصيحتي في ناس بتسمعه في ناس لا في ناس جدا موهوبين.",0.6534,12:19:35 AM,12:20:05 AM,biqawi_#12,60,TRUE
89,1,"يعني بتشوف بالآخر أو هم عم بيتعلموا، بتقدر تشوف إنهم رح يوصل لمكان كثير حلو وفي ناس بتشوف إنه الشيء مش الهم.",0.7048,12:20:05 AM,12:20:12 AM,biqawi_#12,21,TRUE
90,1,الإشي غير مناسب لإلهم مع هيك بيضلوا مصريين لإنه بيقول لك هذا الخيار إللي حاليا بالظروف هاي مناسب لإنه أكثر إشي بجبلي دخل مصاري وهاي المشكلة إللي هي شو هاد المجال بتخيل إنه الناس شافوا إنه في ناس كثير عم تنجح فيه فيلا وأنا كمان يلا وأنا كمان سواء بناسبني ما بناسبني فبتلاقي كثير ناس تدخل المجال بتطلع منه بسرعة أو ما بتنجح فيه بضل في سنين وما مش قادرة توصل أو تعمل اسم كبير لإلها.,0.7421,12:20:13 AM,12:20:37 AM,biqawi_#12,62,TRUE
91,1,فا آه يعني في ناس دخلوا المجال بس لأجل المصاري والفكرة إنه سوشيال ميديا وأصير مشهورة والهبل هذا أكيد,0.7241,12:20:39 AM,12:20:47 AM,biqawi_#12,19,TRUE
92,2,"طب طب علاقة العلاقة بين العلاقة المهنية والعلاقات الشخصية بين بين الصبايا العاملات في المجال والمحترفات في المجال كيف شكلها يعني بما إنه تحولت لمهنة مش كتير, إي إي يعني مش كثير بتفرق عن مهن ثانية وفيها شريحة من الناس إللي إللي كمان بيشبهوش بعض كثير ولا على مستوى ثقافي ولا على مستوى اجتماعي.",0.7241,12:20:48 AM,12:21:11 AM,biqawi_#12,40,TRUE
93,2,أ ب في ديناميكيات أحيانا بتطلع على السوشيال ميديا بشكل كثير ملفت وبشكل كثير سلبي وفي أشياء بتطلع بشكل إيجابي أحكي لنا أكثر على كوميونيتي هذا كيف شكله؟,0.7679,12:21:12 AM,12:21:23 AM,biqawi_#12,24,TRUE
94,1,"يعني أم بقدر أحكي أول إشي عن نفسي أنا ما عندي علاقات يعني للأسف تكاد محدودة أو معدودة يعني في علاقات إللي هي احترام على السوشيال ميديا بس ما بس إشي انه تتحول لصداقة أو إشي لهيك لا ما عندي إمم المجال ما أنا شخصيا من تجربتي ما أو ما جربت أنا أبادر فيه، بس آه فيه مشاكل فيه مشاكل كثير لإنه نحن في عنا مشكلة بالبلد للأسف إنه في فئة من الناس دايما بتفكر إنه هذا الترتيب تاع أنا رقم واحد.",0.76,12:21:26 AM,12:21:56 AM,biqawi_#12,57,TRUE
95,1,أنا أول وحدة أنا أهم وحدة أنا أكثر وحدة معروفة للأسف هذا كثير بيهم كثير ناس.,0.7116,12:21:56 AM,12:22:01 AM,biqawi_#12,11,TRUE
96,1,"فأنا بالنسبة لي عمره ما كان عندي بهمني أنجح. بس ما بيهمني أكون مشهورة فما كان عمره عندي آهتمام إنه مثلا والله أكبر النتورك أو الكونكشن تاعتي في المجال أو هذه التفاصيل. هلأ في ناس بتهمها في ناس بتهمها إنه لا ما ينحكى عن فلانة إنها رقم واحد أنا رقم واحد الأشياء، القصص، البنات يعني خليني أحكي هذه للأسف بس اه موجودة بالمجال جدا ما حدا بيقدر ينكرها.",0.6715,12:22:02 AM,12:22:28 AM,biqawi_#12,52,TRUE
97,2,طب على مستوى على مستوى فولويرز وعلى مستوى تحولهم لتريند إمتى؟ أي سنين خليني أقول بلشت الناس التابع اه الميكأب أرتيست أو الحسابات تبعتكم اه,0.6117,12:22:30 AM,12:22:43 AM,biqawi_#12,21,TRUE
98,2,هو أنت تنتبهي إنه في ناس من برة المجال يعني مهتمة بشو عم تعملي من برة. مش نوعية الزبائن إللي إنت كنت بتحاولي تستقطبيهم بلشت الأكاونتس تبعتكم تنفتح أكثر لناس مش كثير مش مهتمة إنه تكون زبونة عندك.,0.7378,12:22:44 AM,12:22:59 AM,biqawi_#12,33,TRUE
99,1,"آه يعني يمكن بال2014 هيك أكثر إشي بلشت تصير هي موضة الانستجرام أكثر أنا كان قبل بلشت الانستجرام زمان ما كان عليه تفاعل أبدا بعدها عملت صفحة على الفيسبوك كان التفاعل دايما على الفيس بوك كثير أكثر فا يعني عم تحكي إلي تقريبا سنتين أو تلاتة مسكرة السو مسكرة أكاونت الفيس بوك كله ما عندي يا لا شخصي ولا البيج حتى كمان لغيتها فمن قبل تلات سنين كان عليها 60,000 ين فتحتي وملقيت عليها.",0.7031,12:23:04 AM,12:23:34 AM,biqawi_#12,60,TRUE
100,1,"60,000 وأنا يمكن إللي سنين مش منزلة. بس أول ما بديت بديت عليها هلأ الناس بعدين بدها تنتقل للأنستغرام بالأول الناس كانت تقول الانستجرام هذا هبل يعني بس إنه مش مفهوم لسه مش فاهمين له يعني إنه بس صور وهيك والناس ما كانت تحبه حتى بعدها إجا السناب شات كنت أكثر على السناب شات بعدين وما في تفاعل على الانستجرام والانستجرام موجود.",0.6633,12:23:34 AM,12:23:55 AM,biqawi_#12,47,TRUE
101,1,بس إنه الناس ما كانت تفضله هلأ تقريبا يمكن بال2014 2016 الانستغرام أنا مش عارفة بال2016 إنه صار كثير قوي.,0.7715,12:23:56 AM,12:24:04 AM,biqawi_#12,19,TRUE
102,1,إنه صارت آه صار في أكاونتس كثير صارت الناس اه تهتم إنها تتابع حتى لو ما بدي أحجز عندك ميكاب بس إنه بتابعك على الانستغرام لستوريز كل هذه التفاصيل لما بلشت تدخل على الانستغرام كثير كثير صار أقوى وتفاعل عليه صار كثير أكثر بس أنا شخصيا كثير بحبه الانستجرام.,0.659,12:24:05 AM,12:24:22 AM,biqawi_#12,38,TRUE
103,1,آه كا أكاونت يعني لأي حد اليوم بدو يعمل مشروع بنصحهم فيه أكثر من الفيس بوك وأكثر من سنابشات وأكثر من أي تطبيق تاني.,0.7098,12:24:22 AM,12:24:30 AM,biqawi_#12,21,TRUE
104,2,وهو لمجال شغلكم كمان فرندلي كثير مش شوي.,0.5779,12:24:31 AM,12:24:34 AM,biqawi_#12,8,TRUE
105,2,ا.,0.5306,12:24:35 AM,12:24:35 AM,biqawi_#12,1,FALSE
106,1,هو لمجال أي حدا صدقا يعني مش بس للميك أب وبطل شغل الميكأب إنه يعني لا مجال لأي حد ال وأنت اليوم بتسوش أي شيء بحياتك غير أنك تتطلع وتصور كل يوم الصبح.,0.6161,12:24:36 AM,12:24:46 AM,biqawi_#12,31,TRUE
107,2,آه يعني.,0.6909,12:24:48 AM,12:24:49 AM,biqawi_#12,2,FALSE
108,1,بضل أرتب من السناب شات إلى آخره وسهولة ممكن تحوله ل يعني ممكن تحول الترافيك مثلا تاعته لويبسيت أو ل إلى آخره,0.6909,12:24:49 AM,12:24:58 AM,biqawi_#12,18,TRUE
109,1,بضل بدعم البزنس كثير أحسن.,0.6693,12:25:00 AM,12:25:02 AM,biqawi_#12,5,TRUE
110,2,"صح بتفق معك بس هو شوي أنا ب بحاول أحكي بمجال شغلك لإنه يمكن طبيعة ال أو نوعية ال اليوزر إللي موجودة في الانستجرام مختلفة عن منصات الثانية فأنتم فعليا يمكن تكوني أكثر أكثر حدا محظوظ وفي قطاعات بتستفيد كثير من إي نوع يعني مش shoppingالأواعي في نوعية  shopping محددة هي إللي بتمشي أكثر، هي إللي بتكون تريند إللي مرسوم عليها رسامات أو اللي معمول لها. يعني إييه أفكار أفكار هيك أفكار",0.6693,12:25:02 AM,12:25:31 AM,biqawi_#12,59,TRUE
111,2,"إبداعية معمولة أكثر، إيه إيه إذا بدي أسأل كمان هيك سؤال بعرفش هلأ إذا يعني ممكن تكون تقديراتك أكثر انت تقريبا عندك 100,000 على الانستغرام صح؟",0.6915,12:25:31 AM,12:25:41 AM,biqawi_#12,24,TRUE
112,1,"لا أنا عندي 82 83 لا لا ما وصلت ال90 و. وwhich is هو على فكرة أنا رقمي كثير قليل مقارنة ب أنا إمتى بلشت إنه في هذا الرقم في ناس بتوصل 100,000 في أشهر، بس بدك تكون كتير active وبدك تجيب engagement  وبدك تضل عامل إنت سنتر الحياة يعني إمم دايما بجاوب على هذا السؤال إللي سألوني الناس.",0.6841,12:25:42 AM,12:26:09 AM,biqawi_#12,50,TRUE
113,1,"رقم كتير بس ما يعني ما بعرف اليوم أنا ما بشعر إني أنا مهتمة أزيد الرقم عندي هذا ال كوميونيتي أو هذا المحيط إللي عندي إيه بشعر إنه مناسب زاد تمام ما زاد برضه تمام أقل برضه تمام هلأ في ناس بيكون الرقم ها الرقم مهم، بس هو مش أهم إشي، أنا اليوم ممكن يكون عندي 5000 متابع وأكون بقدر أبيع أكثر من حدا عنده 100,000 أو استفيد من المتابعين ال تاعوني وأب البزنس وإلى آخره، بيكون في عندهم ثقة في كثير أكثر من حدا عنده 100,000.",0.6968,12:26:14 AM,12:26:46 AM,biqawi_#12,60,TRUE
114,1,"الرقم بطل قصة صعبة، أي حدا اليوم بيقدر يجيب رقم.",0.6775,12:26:46 AM,12:26:49 AM,biqawi_#12,10,TRUE
115,1,بس هي الفكرة الأهم ب كواليتي المتابعين و نوعية الزبائن. وهذا الشيء إللي أنا بشعر فيه إني أنا محظوظة فيه.,0.7812,12:26:50 AM,12:26:57 AM,biqawi_#12,19,TRUE
116,2,"طب إنت جاوبتيني على السؤال الثاني، هلأ أنا بدي أرجع للسؤال إللي كنت بدي أسأله insights انت عندك إنت من جوا قديش الفئة العمرية الأكبر إللي موجودة عندك أي فئة؟",0.7481,12:26:58 AM,12:27:08 AM,biqawi_#12,26,TRUE
117,1,الفئة إللي هي تقريبا بين ال25 بدي افتح الinstagram هلا بحكي معك.,0.6522,12:27:10 AM,12:27:15 AM,biqawi_#12,12,TRUE
118,1,الفئة العمرية أكثر إشي عندي بين ال25 وال34,0.7873,12:27:22 AM,12:27:28 AM,biqawi_#12,8,TRUE
119,1,أم؟,0.7515,12:27:29 AM,12:27:29 AM,biqawi_#12,1,FALSE
120,2,قديه النسبة تقريبا؟ لا لا مش لازم أنا بس بدي هيك أكون فكرة ابني فكرة أنا وإياك.,0.7515,12:27:30 AM,12:27:35 AM,biqawi_#12,14,TRUE
121,1,بالنسبة لي هي 52% تقريبا بين ال25 لل34 سنة اللي بعدها بتيجي المركز ال بعدها إللي هي سنة 18-24 نسبتهم 32,0.7469,12:27:36 AM,12:27:49 AM,biqawi_#12,18,TRUE
122,2,وإللي هم هدول أصلا هلأ جيل أكثر tiktok من الانستجرام بس عندي كمان سؤال على إي نسبة الذكور للإناث؟,0.7716,12:27:50 AM,12:27:58 AM,biqawi_#12,19,TRUE
123,2,آه.,0.6416,12:27:58 AM,12:27:59 AM,biqawi_#12,1,FALSE
124,1,ذكورعندي 91 بالمية نساء 8.7 شباب بس أنا من الناس إللي صراحة كثير بعمل remove follower للشباب لأني ما بشعر إنه محتواي موجه للشباب مش لأشي إي فهي لسه ممكن تكون أقل أنا نفسي تكون أقل.,0.6416,12:27:59 AM,12:28:19 AM,biqawi_#12,33,TRUE
125,1,مش لأشيء بس لا يعني اليوم أنا ما بحكي على الشباب أصدقائي أو الناس إللي بعرفهم إلى أخره بس في ناس مثلا بتشوف public أكاونت لبنت بتدخل ما بنقدر ننكر إنه هاي الفئة موجودة وعايشة معنا.,0.8034,12:28:20 AM,12:28:33 AM,biqawi_#12,34,TRUE
126,1,إمم.,0.1971,12:28:34 AM,12:28:35 AM,biqawi_#12,1,FALSE
127,1,في إله فايدة عندي كfollower أنا بهتم ب أنا كثير بقيم الفالورز من عندي ما تضحك علي ما تنصدم.,0.5659,12:28:36 AM,12:28:42 AM,biqawi_#12,16,TRUE
128,2,لا مش بضحك مصدوم,0.5659,12:28:42 AM,12:28:43 AM,biqawi_#12,4,TRUE
129,1,أنا بهتم بنوعيات الناس إللي عندي لا ليش مصدوم؟,0.5659,12:28:43 AM,12:28:46 AM,biqawi_#12,9,TRUE
130,2,أزيد العدد؟,0.3264,12:28:48 AM,12:28:49 AM,biqawi_#12,2,FALSE
131,2,يعني ببليك أكاونت أنفلونسر,0.4821,12:28:50 AM,12:28:51 AM,biqawi_#12,4,TRUE
132,1,شوف حدا ما بيشبهني شو مش به يعني يكون عندي.,0.5712,12:28:54 AM,12:28:58 AM,biqawi_#12,10,TRUE
133,1,public أكاونت لا يعني أنه لازم أتقبل الكل وأرضى بالكل ويكون الكل بحضر عندي.,0.5951,12:28:58 AM,12:29:03 AM,biqawi_#12,13,TRUE
134,1,للأسف.,0.7371,12:29:04 AM,12:29:05 AM,biqawi_#12,1,FALSE
135,2,أم.,0.7371,12:29:05 AM,12:29:06 AM,biqawi_#12,1,FALSE
136,1,أو هي نظريتي يعني وجهة نظري.,0.7371,12:29:06 AM,12:29:08 AM,biqawi_#12,6,TRUE
137,1,ممكن تختلف معي بس بوبليك account لا يعني إنه أنا اليوم لازم أي حدا بشوفها يكون عندي في كثير ناس مثلا بت يعني بضل كل شوي مثلا بفقد من عملي follow بدخل على الأكاونت بتاعه إذا لقيته شاب ممكن أشوف شاب مثلا أنا شخصيا ما ريحني,0.6625,12:29:09 AM,12:29:25 AM,biqawi_#12,40,TRUE
138,1,بعمل ريموف فولور لانه بالأخر.,0.3673,12:29:27 AM,12:29:29 AM,biqawi_#12,5,TRUE
139,1,بلأخر محتوياي موجه صدقا للبنات أكثر شيء يعني أنا ما بستهدف الشباب بالأكاونت ا عندي أصدقاء كثير شباب حضروا آه بتابعوني بحبهم و بحترمهم وكل إشي بس يعني لما بدك تيجي تشوف ريفيو على makeup ولا إشي رح تكون مستمتع بالسوري حتى لما عم بعطي المحتوى الماركتينج والبزنس. أنا بالأخر هدفي أنه أنا أساعد اليوم البنات أو هذا الشيء إللي الهدف الأساسي إللي هلأ أنا بعتبره من الأكاونت بتاعي هدفين أساعد البنت كيف تعرف تتفاهم مع الميكأب وتشتري الميكاب بتاعها وتحطي بروداكست صح.,0.616,12:29:30 AM,12:30:03 AM,biqawi_#12,75,TRUE
140,1,"لألها وما تضيع مصاريها بالأرض وتعرف كل بنت اليوم لو في شيء مش عاجبها ومؤثر بثقتها بحالها. تعرف اليوم كيف تضبطه كيف تستخدم الميكأب وتزبط وتصير حلوة زي ما بدها راضية عن شكل على الأقل الإشي الثاني إللي أنا بحب أو من سنة تقريبا بلشت أركز عليه هو إنه أنا أساعد البنات بخبرتي البسيطة في مجال البيزنس والتسويق، إنه كيف اليوم أي بنت بتقدر اليوم تستقل ماديا بتفتح بيزنس وتستفيد من السوشيال ميديا وتحولها من",0.6508,12:30:03 AM,12:30:32 AM,biqawi_#12,64,TRUE
141,1,إشي هبل ل لدخل مادي ثابت بعطيها استقلالية مادية.,0.7067,12:30:33 AM,12:30:37 AM,biqawi_#12,9,TRUE
142,1,فا اكاونتي كله موجه للبنات. صدقا مش مهتمة إنه يكون موجه للشباب الشباب قدعان بيدبروا حالهم بس البنات هاهاها بدهم دعم عشان هيك مش مهتمة يكونوا يعني أنا هي النسبة مضايقتني ال9% من,0.6942,12:30:37 AM,12:30:54 AM,biqawi_#12,30,TRUE
143,1,نعم انصدم أحمد,0.6598,12:30:57 AM,12:30:59 AM,biqawi_#12,3,FALSE
144,2,هاهاها لا انصدمت لإنه فيش يعني على مستوى إنت يعني حدا حدا مخه بزنس عم بفكر بزنس و وبيتعامل مع الموضوع كمشروع وشي ثاني publicity wise إنت بتستفيدي منها تجاريا بتستفيدي منها؟ إي الاشي الأهم لإلي إنه أنا بتعاطى يعني مع الموضوع إنه هو مش تريند كل فكرة الميكأب اليوم لم تعد يعني إي تريند خاص بالصبايا بس لإنه حجم ال boom ال هيك ال إللي صار عند الصبايا فرضه ك ترند حتى على الشباب.,0.6598,12:30:59 AM,12:31:28 AM,biqawi_#12,59,TRUE
145,2,"بمعنى إنه إحنا بالزمانات كانت إنه في إشي هيك كتير هيك عذرة هيك لطيف يعني سوسويت إنه أنا بحب الصبية من غير ميك أب أو أنا بحب الكذا من غير ميك أب اليوم بظن الإشي اختلف تماما، لا.",0.8171,12:31:28 AM,12:31:42 AM,biqawi_#12,28,TRUE
146,2,آه آه أنا بحب الكونتورينغ على الصبية يعني بهذا الشكل بلشنا نحكي الصبية هاي عاملة الهايلايت حلو إيه إيه وهاد شو إسمها وهادا شو إسمها بهذا الشكل. فعشان هيك عم بأول إنه الموضوع يمكن فعليا إنت بالشكل إللي بتفكري فيه مظبوط مش إيه إيه إيه إيه مش مهتمة بأنه هدول مش رح يكونوا زباينك يعني الشباب أو ممكن يكون في بعضهم يعني مثلا يطلب إنه يكون يعني يعمل ميك أب أو. أو الشيء الثاني.,0.7666,12:31:42 AM,12:32:08 AM,biqawi_#12,56,TRUE
147,1,حتى لو.,0.7666,12:32:09 AM,12:32:09 AM,biqawi_#12,2,FALSE
148,2,"إنه على مستوى الثقافة، في إشي على مستوى الثقافة.",0.7666,12:32:10 AM,12:32:12 AM,biqawi_#12,7,TRUE
149,1,أنا اليوم ما بعمل ميك أب أنا اليوم ما بعمل ميك أب أنا اليوم ممكن يعني حاليا حتى هلأ لما,0.7666,12:32:12 AM,12:32:17 AM,biqawi_#12,12,TRUE
150,1,بعطي ريفيو أو رأي بمنتجات ما أظن.,0.5236,12:32:17 AM,12:32:20 AM,biqawi_#12,7,TRUE
151,1,هادا الشب رح يروح,0.6408,12:32:23 AM,12:32:25 AM,biqawi_#12,4,TRUE
152,1,يشتري يكونوا مثلا بيهتموا بموضوع المواضيع إللي ممكن مرات بحكي فيها وبناقشها بتفهم. في عندي شباب بقلك بس بهتم ب كواليتي الناس إللي عندي. أنا ما بدي يكون account لامم بالعامية.,0.6608,12:32:27 AM,12:32:42 AM,biqawi_#12,30,TRUE
153,1,يعني اليوم بتلاقي كثير ناس بتدخل على الفلورز بتلاقي أشكالهم يعني غريبين أنا بس أزيد العدد أنا بالأخر مش عاملة هذا الاكاونت حتى أحط حياتي شو أو أحط حالي جسمي شكلي مش عملتهم شو بالآخر ف بشعر إنه في حدا عندي بده.,0.6376,12:32:42 AM,12:33:01 AM,biqawi_#12,36,TRUE
154,1,بس.,0.5434,12:33:04 AM,12:33:04 AM,biqawi_#12,1,FALSE
155,1,"لما بشعر إنه هو ما إله داعي ممكن أقيمه مش إنه أنا بس بقلك لما أنا بشعر إنه الأكاونت إللي عندي أنا ما ارتحت له، ما ارتحت للشخص أو للصورة، أو للwhatever للمحتوى إللي بنزله، ممكن أعمل كثير remove follower كثير بعملها.",0.6129,12:33:06 AM,12:33:23 AM,biqawi_#12,29,TRUE
156,2,طب أنا بدي انتقل للنقطة إللي بعدها بس عندي سؤال.,0.6129,12:33:23 AM,12:33:25 AM,biqawi_#12,10,TRUE
157,1,ما تاخد الموضوع بحساسية يعني.,0.6129,12:33:25 AM,12:33:27 AM,biqawi_#12,5,TRUE
158,2,لا أنا مش ماخذه بحساسية بس أنا عم بحاول أكتشف.,0.6129,12:33:27 AM,12:33:30 AM,biqawi_#12,9,TRUE
159,1,منحب الشباب أكيد.,0.6129,12:33:30 AM,12:33:31 AM,biqawi_#12,3,FALSE
160,2,هي كل الغاية من الحلقة.,0.6129,12:33:31 AM,12:33:33 AM,biqawi_#12,5,TRUE
161,1,بحترم ال9% إللي عندي وبقدرهم لا.,0.6129,12:33:33 AM,12:33:37 AM,biqawi_#12,6,TRUE
162,1,لا أنا بأقول لك إنه أنا ما بشعر إنه أنا بفيد.,0.6911,12:33:37 AM,12:33:39 AM,biqawi_#12,8,TRUE
163,1,أكيد.,0.6877,12:33:40 AM,12:33:41 AM,biqawi_#12,1,FALSE
164,2,ما إنت إنت؟,0.6877,12:33:41 AM,12:33:42 AM,biqawi_#12,3,FALSE
165,1,فعليا ما بحس إني أنا بضيف لك اليوم.,0.6877,12:33:42 AM,12:33:44 AM,biqawi_#12,8,TRUE
166,2,"لا، أنا بظن أنت فعليا هون يعني إنت إنت ما بتحددي شكل الفائدة للناس بتاخذيها يعني بمعنى مثلا زي فكرة الإنفلونسرز هلأ إللي رح نحكي عنها في ناس بتحرق حالها حرق يعني عشان تتحول لإنفلونسر وعلى الفاضي، وفي ناس فعليا الناس بتعتبرها أونفلونسير إنه بيكون تأثيرها كثير واسع، بيب أرقام كثير صغيرة يعني ب ب إذا بنحكي عن مستوى الأرقام بقصد بمعنى إنه مجرد الواحد فينا كانpublic أكاونت مش هو إللي بيقرر أصلا كيف كيف يسير الأشياء أو أو كيف يمشي الأشياء، عشان هيك شوي غريبة.",0.6877,12:33:44 AM,12:34:13 AM,biqawi_#12,71,TRUE
167,2,بس أنا بدي أسألك سؤال صغير والنقطة إللي بعدها بدناش نطول كثير بالقصة هاي برغم إنها كثير ملفتة إي شو المعايير يعني بس تدخلي على أكاونتي فرضا يعني كيف ترتاحيلي أو ما بترتاحيلي.,0.6922,12:34:13 AM,12:34:24 AM,biqawi_#12,30,TRUE
168,2,يعني إذا أنا اكاونتي برايفت.,0.6604,12:34:24 AM,12:34:26 AM,biqawi_#12,5,TRUE
169,1,بس ما مش على هيك مثلا في أكاونت بلاقيهم يعني مش منزل مش منزل مثلا ولا صورة بلاقي اسم غريب زي كأنه فيك أكاونت أو إشي يعني أنا.,0.6204,12:34:28 AM,12:34:39 AM,biqawi_#12,22,TRUE
170,1,خرج.,0.321,12:34:40 AM,12:34:41 AM,biqawi_#12,1,FALSE
171,1,هي كل إشي عندي مفرجي حياتي ومفرجي كل إشي وأنا مش قادرة أشوف صاحب وجه الحدا أو صاحب الحدا إللي عم يتابعني فأنا حقي كمان اليوم أعرف مين عم يشوف حياتي مين عم يدخل عندي ومين عم يشوف هاي الأمور يعني.,0.7418,12:34:42 AM,12:34:55 AM,biqawi_#12,30,TRUE
172,1,ما بعرف بشعر إنه الراحة النفسية أنا بكون مرتاحة أكثر.,0.8676,12:34:56 AM,12:35:00 AM,biqawi_#12,10,TRUE
173,1,"فمش أنا عم بحكي ع أكاونت عادي أدخل أكاونت أحمد بلاقي صورة أحمد بلاقي أحمد منزل أشياء عادية وممكن ما ألاقي الشب منزل إشي، بس ع القليلة حاط صورته حاطط إشي حاطط اسمه، مش أحس إنه أنا في ربط أو حدا متقمص شخصية حدا وعملي. فهاي الفكرة إنه مش أي أكاونت بيعمل لي إنه ياي زاد العدد عندي.",0.6336,12:35:00 AM,12:35:19 AM,biqawi_#12,45,TRUE
174,2,لا إنت على هيك معناها مش بتلاحقي الشباب ما بتعمل.,0.6336,12:35:20 AM,12:35:22 AM,biqawi_#12,10,TRUE
175,1,هيك مع السلامة.,0.6336,12:35:22 AM,12:35:23 AM,biqawi_#12,3,FALSE
176,2,إنت إنت مش بتشيلي الفلورز الشباب إنت بتشيلي الفايك أكاونتس هذا شيء مختلف يعني هلأ هيك فهمتك أكتر.,0.6336,12:35:24 AM,12:35:29 AM,biqawi_#12,15,TRUE
177,1,"شباب وبنات. لا لا هلأ الشباب تحديدا بركز عليهم أكثر لأن أنا بهمني إنه نوعية إللي عندي تكون نوعية محترمة حالهم، يعني إنه ما تكون هي مفكرة حالها في الأكاونت الغلط فاهم شو قصدي، اه بس لأي أكاونت بحس إنه عليه علامة استفهام بدخل وبفيمه بعمل ريموف فولورعادي",0.6376,12:35:30 AM,12:35:49 AM,biqawi_#12,43,TRUE
178,2,"طب أ تعي أحكي لنا فاتن شوي هيك على، على كل فكرة إنه إي إي كيف كيف ب يعني كيف بلشتوי تعملوا مصاري ها وقديش كانت مستوى الأرقام إللي إللي إللي بتشتغلوا فيها إي بعدين وصليني للمرحلة إللي هي البعض اليوم يمكن بدخله مصاري من خلال الإعلانات والcampaigns إللي بيعملها على السوشيال ميديا لصالح شركات، وجهات، أكثر من شغله الأساسي.",0.7513,12:35:50 AM,12:36:17 AM,biqawi_#12,49,TRUE
179,2,بينفع تعرفيني أكثر على المسار هذا كيف تشكل؟ كيف صار,0.7874,12:36:17 AM,12:36:21 AM,biqawi_#12,9,TRUE
180,1,"يعني بقدر أحكي عن تجربتي يعني أنا تجربتي ما فيها كثير بالإعلانات في عندك شقين بالسوشيال ميديا، أنا اليوم يا إما بستخدم السوشيال ميديا لحتى أروج لشغلي للبزنس للخدمة للمنتج إللي أنا بعمله في حالتي إنه أنا عم بنزل لوكات الميكاب أو أشياء شغلها بالميكب لزبائني فبالتالي الناس كانت عم تيجي من السوشيال ميديا تحجز عندي تتحول من متابع لزبون تمام، هذا عادي.",0.6298,12:36:23 AM,12:36:54 AM,biqawi_#12,53,TRUE
181,1,"هون عم بحكي عن الريادة هون كيف السوشيال ميديا ساعدتني اليوم إنه أنا يكون عندي مشروع مستقل واستقلالية مادية، هذا جزء الجزء الثاني إللي هو الناس الأغلب اتجهت له لإنه هذا الجزء ما بيزبط مع.",0.7325,12:36:54 AM,12:37:07 AM,biqawi_#12,32,TRUE
182,1,"إذا ما عندك مشروع أو إذا ما عندك شيء تقدمه، فاهم شو؟ شو بدك تبيع للناس، شو بدك تشتري؟ ففي ناس مثلا عندها السوشيال ميديا بس مش عارفة شو تقدم فأنا كان في عندي إشي في إيدي إللي هي، الخدمة أو السيرفيس تاعت الmakeup و في إشي بتقنه بقدر أقدمه بقدر أفيد المتابع بإشي إنه مثلا بعملك ميكاب هلأ في إي خيار ثاني إللي هو الأغلب بتجهله إللي هو خيار للإعلانات، إنت اليوم عندك شركة ا ا بتبيع",0.6268,12:37:08 AM,12:37:39 AM,biqawi_#12,59,TRUE
183,1,آه قلم بدك هذا القلم يعمل له دعاية,0.6193,12:37:39 AM,12:37:43 AM,biqawi_#12,8,TRUE
184,1,زمان ما كان لسه دارج إنه أنا أروح أعطي الحدا إللي عنده متابعين أو أعداد واقله مثلا خود  روجلي القلم مقابل هذا المبلغ.,0.6907,12:37:44 AM,12:37:52 AM,biqawi_#12,23,TRUE
185,1,هلأ اليوم صار كثير دارج صار يعني بتقدر تحكي إنه في ناس معتمدة تماما عليه كمصدر رزق رزق ثابت لإلها أو مصدر دخل ثابت.,0.7958,12:37:52 AM,12:38:02 AM,biqawi_#12,22,TRUE
186,1,فأنا هيك تحول الشيء شوي شوي صار موضة تقريبا بعد الكورونا أنا لحد قبل الكورونا ما كان عمره كان يجي هاي الأوفرز أو هذه العروض للدعايات والإعلانات الكورونا كثير ساعدت بهذا الشيء فا صار في قفزة نوعية في كمية الإعلانات إللي عم تشوفها اليوم على السوشيال ميديا.,0.6848,12:38:04 AM,12:38:22 AM,biqawi_#12,40,TRUE
187,1,موجودة من قبل بس مش بهذا الحجم إي موجودة كانت تعتمد على ناس قليلين هلأ كمان اليوم الأرقام إللي بتنطلب إي يعني ممكن تستغرب منها بس إنه في عنا في البلد ناس بتطلب أرقام خيالية على بوست وعلى الستوري وهاي الأمور هلأ بدي أركز كمان على نقطة إنه مش هذا الشيء مش غلط بالآخر أنا اليوم طالما أعطيت وتعبت وصار عندي لنفرض هال هال مية متابع.,0.6947,12:38:22 AM,12:38:48 AM,biqawi_#12,52,TRUE
188,1,وقعدت السنين ولا آه إن شاء الله أشهر تعبت لجبت المتابعين تاعوني حقي اليوم لما أجي مثلا بدي,0.6173,12:38:49 AM,12:38:56 AM,biqawi_#12,18,TRUE
189,1,"اجي أعمل دعاية لهذه حقيقة ما يعني لي أنا اليوم أروح آه سوق لك هاي تروح لها تبيع وأنا أطلع مالي دخل غير إني أخذت هي هدية بوسينيس بوسينيس بالآخر فما في دق لي يمكن في عنا صورة نمطية كمان كثير بحس إنها تظلم الموضوع، هذا هو أشي عادي زي ما كنت اليوم إنت تروح إي زي سامعني.",0.6713,12:38:58 AM,12:39:20 AM,biqawi_#12,51,TRUE
190,2,سامعك سامعك.,0.6713,12:39:21 AM,12:39:21 AM,biqawi_#12,2,FALSE
191,1,"انقطع أظن إما مثلا كنت تروح تعمل قلت كنت تروح بدك تسوق لغرضك، كإنت كصاحب مشروع تروح على الراديو ع التلفزيون اليوم بطل في الراديو والتليفزيون اليوم بتروح للانستجرام للإنفلونسرز إللي هي فعليا أثبتت قديه هي بتأثر في توجيه فكر الناس بالذات إذا في ثقة بين الحدا إللي بيأثر الإنفلونسر. إذا بدنا نحكي مع إني بكره هذه الكلمة والإنفلونسر المتابعين إللي عندك إذا في ثقة فصفى",0.6422,12:39:22 AM,12:39:53 AM,biqawi_#12,52,TRUE
192,1,أنا عارفة أنا اليوم إذا نزلت ع أي شيء على قلم إن شاء الله عارفة إنه الناس رح تروح تشتري هذا القلم فأنا اليوم حقي أخذ هذا الشيء ليه أنا أروح أجيب لك زباين.,0.6641,12:39:53 AM,12:40:04 AM,biqawi_#12,29,TRUE
193,1,"تنين ع طبق من ذهب لا بعرفك ولا بتعرفني أنا فعادي إنه يكون في مبالغ مالية، هلأ في ناس صارت تبالغ بهذا الشيء وصار حد لل يعني المبالغة.",0.5959,12:40:04 AM,12:40:15 AM,biqawi_#12,27,TRUE
194,2,زي ما في. قديش,0.5959,12:40:15 AM,12:40:16 AM,biqawi_#12,4,TRUE
195,1,إنه صفا بس أنا عم بحضر إعلان إعلان إعلان إعلان.,0.5959,12:40:16 AM,12:40:20 AM,biqawi_#12,8,TRUE
196,2,لما بتحكي يعني معدلات الأرقام في البلد مثلا.,0.5959,12:40:21 AM,12:40:25 AM,biqawi_#12,8,TRUE
197,1,أم معدلا ما بعرف صراحة يعني بس مش أقل يعني ما عم تحكي ع أقل من 100 دولار على ال ستوري 150 إذا أنا اليوم في ناس إذا بدهم يصوروا الهدية إذا إنت اليوم بعت لي هدية.,0.7593,12:40:28 AM,12:40:39 AM,biqawi_#12,31,TRUE
198,1,يلا هذا من مش إعلان.,0.5865,12:40:40 AM,12:40:42 AM,biqawi_#12,5,TRUE
199,1,هيك في ناس أو مشاريع بيبعثوا هدايا.,0.568,12:40:44 AM,12:40:46 AM,biqawi_#12,7,TRUE
200,1,عشان أنا اليوم أنا انزل لك على هدية باخد 150 دولار بس لمجرد أنه اصلا أنت بعتلي هدية فا اه بس يعني.,0.6428,12:40:47 AM,12:40:53 AM,biqawi_#12,19,TRUE
201,1,هلأ هذا الجزء إللي أنا بنتقده مثلا ممكن في ناس تبعت هدايا بحس إنه من الزوق إنه خلاص ننزل إنه ممكن أنزله وأتغاضى بس لما حدا بدي أعمل له إعلان.,0.7838,12:40:54 AM,12:41:05 AM,biqawi_#12,27,TRUE
202,1,"بقدر أحكي بقدر أوكي أحس إنه لازم يكون في مبلغ مادي مقابل هذا الشيء مش غلط ومش منتقد وبحس بحس إنه غلط نكون منتقدينه لإنه هذا حق الحدا اليوم هذا شغله السوشيال ميديا،",0.7248,12:41:07 AM,12:41:18 AM,biqawi_#12,28,TRUE
203,1,آه أوكي ما بعرف يعني بتختلف معي أو لا,0.6925,12:41:20 AM,12:41:23 AM,biqawi_#12,9,TRUE
204,2,بس هذه وجهة نظري أنا. أنا مش بختلف أنا هلأ سمعت تذكرت شيء تذكرت إنه.,0.6925,12:41:23 AM,12:41:27 AM,biqawi_#12,13,TRUE
205,1,مع إني أنا ما أنا ما بعمل أنا شخصيا مش كثير بفضل الإعلانات لأنه بدها التزام وبدها وقت.,0.6925,12:41:27 AM,12:41:35 AM,biqawi_#12,15,TRUE
206,2,إيه بدي أسألك سؤال صغير قبل ما أعلق ال ال لما بتحكي فيه ناس بتبالغ بالأرقام في البلد حكيتيلي على شي ستوري بتعلق إللي هو 150 دولار على يعني و وأنت بتحكي عنه زي كإنه رقم تافه أو قصة تافهة بس الأرقام عم توصل في البلد لوين يعني؟ إييه للأي أرقام؟,0.6862,12:41:36 AM,12:41:53 AM,biqawi_#12,46,TRUE
207,1,لا في ناس عندهم كتير متابعة يعني,0.7226,12:41:55 AM,12:41:56 AM,biqawi_#12,7,TRUE
208,1,أم ما بعرف صراحة.,0.7787,12:41:58 AM,12:41:59 AM,biqawi_#12,4,TRUE
209,2,يعني ما مر عليكي رقم خيالي,0.7787,12:41:59 AM,12:42:00 AM,biqawi_#12,6,TRUE
210,2,يعني.,0.4524,12:42:01 AM,12:42:02 AM,biqawi_#12,1,FALSE
211,1,معلومات. بس بتقدر تشوف إنه في ناس عندها,0.8124,12:42:04 AM,12:42:06 AM,biqawi_#12,8,TRUE
212,1,هلأ ممكن يكون خيالي بس تعي بالمقابل.,0.7599,12:42:07 AM,12:42:10 AM,biqawi_#12,7,TRUE
213,1,قول قول لي شو هاد الشخص بقدم إنت اليوم اطلع اضحك وتهبل وآتي أعمل أي إشي.,0.6427,12:42:10 AM,12:42:17 AM,biqawi_#12,15,TRUE
214,2,هيك.,0.6427,12:42:17 AM,12:42:17 AM,biqawi_#12,1,FALSE
215,1,يعني.,0.6427,12:42:17 AM,12:42:18 AM,biqawi_#12,1,FALSE
216,2,أتعرف على معدلات الأرقام أو قديش ال يعني هيك رنجات بس لابني,0.6427,12:42:19 AM,12:42:24 AM,biqawi_#12,12,TRUE
217,1,يعني ما بعرف بدك تدخل وتشوف الفيوز عند الأكاونت إللي عندها أرقام بس لا في تفاعل كثير منيح وفي إنجليزمانت كثير عالي بس أيش يعني أرقام أعطيك أرقام؟,0.5719,12:42:25 AM,12:42:33 AM,biqawi_#12,24,TRUE
218,2,أرقام أرقام مبالغ مصاري قدي,0.5719,12:42:33 AM,12:42:35 AM,biqawi_#12,4,TRUE
219,1,هذا campaign قديه عنده تفاعل.,0.4932,12:42:36 AM,12:42:38 AM,biqawi_#12,5,TRUE
220,1,آه لا ما بعرف ما عندي خبرة يعني بس إنه في ناس ممكن توصل اهتمام.,0.7998,12:42:39 AM,12:42:44 AM,biqawi_#12,14,TRUE
221,1,"مبالغ كبيرة ما قديه ما بعرف بس إنه في أرقام كبيرة أكيد بس طالما عندهم هالتفاعل الكبير ما أنا ما بحس إنه غلط كل واحد بيقدر حاله وبيقدر الشيء إللي عم بعمله قد ما هو بده يعني مش أنا اليوم عم بنتقده مش وبياخدوا هم حرين وحقهم ياخدوا إن شاء الله لو طلبوا 1,000,000 دولار هو حر هيك هيك هو مسعر الاشي عنده 1,000,000 دولار مثلا ما تعلن عنده.",0.6771,12:42:46 AM,12:43:12 AM,biqawi_#12,53,TRUE
222,2,"آه ب ب أنا أنا بتفق معك، بس في إشي بتعلق بأول شيء بنشأة هذا المسار كله المسار، الإنفلونسرز  بسنين، كثير قليلة إللي خلا كل واحد مثلا إنه أنا أتابع ال ال إللي هو لإنفلونسر اليوم إللي بيعمل لي بعمل علي أو بعملي إعلانات إي مرة كان مبادرة مثلا مبادرة تطوع مبادر متطوع بمكان ما مرة كان عنده مشروع صغير مرة كذا مرة إي أنا دعمته وبنيت معه حلم وصل لمحل بشكل كثير سريع هذا جانب، الجانب الثاني بظن.",0.6958,12:43:13 AM,12:43:45 AM,biqawi_#12,63,TRUE
223,2,إنه في مبالغة حقيقية بكل مسار الإعلانات عشان هيك أنا قلت إنه في ناس صارت دخل إللي ممكن يدخلها هو أكثر من إي أكثر من الشغل يعني أكثر من هي شو تتقاضى أو أو شو بدخل عليها دخل من خلال شغلها وملاحظتك في الكورونا بفكرهي تضمن النقطة الثانية بمعنى إنه صار في إعلانات كتير لأنه إيه إي م يعني صارت الناس قاعدة في البيوت صار في طلب كثير وبنفس الوقت كمان الاعتماد الإنفلونسرز على الإعلانات كثر لأنه قل الشغل أصلا يعني إي.,0.7816,12:43:46 AM,12:44:16 AM,biqawi_#12,59,TRUE
224,2,النقطة الأخيرة إللي أنا بشوفها إنه في عوالم زي إحنا إللي بنحكيها يعني.,0.8105,12:44:16 AM,12:44:20 AM,biqawi_#12,12,TRUE
225,2,"بتنحكى بال بال بال بال بال بال هيك بالقصص الشعبية وقصص الحواري عنا، والبيوت إللي هو الغني الجديد يمكن أو ال شو بيسموه هو غني جديد أو غني مستجد أو كذا أو هيك واللي هو الحد إللي فجأة صار معه مصاري ففي إشي زي هيك. إي فعلا أ بصير على مستوى followersوهاد فجأة في فرق ما بين في حدا كان داخل ميكا داخل مسارproducts  أوservices ولقى حاله فجأة trend ما إي.",0.7572,12:44:21 AM,12:44:51 AM,biqawi_#12,53,TRUE
226,2,"ولكنه جزء من engagement جزء من التفاعل عنده بتتعلق بالتفاعل مع القضايا الاجتماعية والقضايا السياسية. فبلش يفتي فهون في مشكلة بتصير أكثر، يعني مع كمان نوعية الإنفلونسرز كمية الفتاوي إللي بتصير أنا شخصيا صراحة من قبل أربع سنين خمس سنين.",0.7134,12:44:52 AM,12:45:08 AM,biqawi_#12,35,TRUE
227,2,قلقت من الحالة هاي مش شوي يعني كثير لإنه أنا يعني أنا خلفيتي بيزنيس فاهم شو ممكن تقولي لي تعلنش عند فلان بس هي مش هيك القصة بتصير أنا قلقي بصير من فكرة إنه قديش في أنفلونسيرز موجودين بأثروا بالمجال هذا وبيحكوا بقضايا سياسية واجتماعية وبوخدو بعين الاعتبار ال الريت تبع الكامبين تبعه وشو لازم يحكي وشو مش لازم يحكي يعني كيف بأحداث بأحداث غزة وبأحداث القدس.,0.7393,12:45:09 AM,12:45:39 AM,biqawi_#12,56,TRUE
228,2,"محمد صلاح أخذ بعين الاعتبار مثلا كثير تفاصيل سياسية وتفاصيل تتعلق بعقوده عشان يطلع بالتويته إللي إللي هي يعني بان كي مون يعني هيك اه الكيو بان كي مون حرفيا في شيء زي هيك بيصير عند الناس فمن هون في قلق من الحالة هذه صارت مربوطة بشركات كبيرة وبمصالح وبنفس الوقت هيك هلأ أنا إنت بقدر أتجرأ أدخل معاكي النقاش هذا، وتساعديني لإنه شايف فرضا إنه بأحداث القدس وغزة إللي إيه إيه إيه إللي مرت وبتمر قاعدة.",0.7266,12:45:40 AM,12:46:11 AM,biqawi_#12,65,TRUE
229,2,إنت فعليا يعني.,0.7676,12:46:11 AM,12:46:12 AM,biqawi_#12,3,FALSE
230,2,داخلة بالقضية هاي بالكامل يعني مش مش دخلتي بتويتي ولا دخلتي بالستوري أو عفوا دخلتي بالستوري ولا لا إنت داخلي بالموضوع وبتحرضي الناس تدخل وبتطلبي من الناس إنه يكون عندها مسؤولية إجتماعية عالية وتدخل.,0.7419,12:46:13 AM,12:46:26 AM,biqawi_#12,28,TRUE
231,2,"هذا الدخول هذا عندك إنت ب أ، أنا بدي بدي أحكي لي دخلتيه لإنه بدي أطلع إنه لا مش دقيق إنه كل دخلوا واحد وتنين إيه إنت داخلة بشكل بقلي إنه إنت مش معنية كثير بقضية ال إي بي بقضية الأرقام والتفاعل موجود عندك فبدي تفهميني ليه دخلتي ليه دخلتي بالكم هذا؟ ليه مش سائلة بالأرقام عندك؟ ليه مش سائلة باللي يقال إنه مثلا يوزر experience اللي إللي موجودين عندك ممكن ما يكونوا مهتمين بالسياسة اجوا لعندك مش مهتمين بالسياسة إللي بتفرض عليهم.",0.6866,12:46:26 AM,12:46:59 AM,biqawi_#12,60,TRUE
232,2,يعني شو شعرت لتعملي هيك؟,0.6899,12:46:59 AM,12:47:00 AM,biqawi_#12,5,TRUE
233,1,"كتير ناس عملوا أن فولو كتير ناس عملوا انفولو شعرت إنه مش منطقي، أنا اليوم أجي أحكي لكم ويلا آه اليوم مثلا كيف نحط كونسيلر بدي أحكي لك كيف بدي أنزل شيء على ال ميك أب على whatever على أي شيء في حياتي وفي كارثة بتصير بع يعني بمدينة هالقد قريبة منا إسمها.",0.6899,12:47:00 AM,12:47:23 AM,biqawi_#12,43,TRUE
234,1,"ما بنفع نكون نحن من غير عن الواقع إللي عم نعيشه جزء ما بتجزء منا صرنا نحن شويه يعني خلينا نحكي أنا على محيط مدينتي رام الله وكأنه رام الله في بلد تاني، القدس بلد ثاني وغزة بلد ثالث هيك نحن.",0.6917,12:47:25 AM,12:47:39 AM,biqawi_#12,35,TRUE
235,1,تمام.,0.9455,12:47:40 AM,12:47:41 AM,biqawi_#12,1,FALSE
236,1,"فمش منطقي يعني ما يعني ما بنفع ما بنفع، ما حسيت إنه العقل ممكن يستوعبها و. وكثير عصبت أكثر لسه من الناس إللي عندها مكان ولسه قاعدة بتنزل منتجاتها وبتعمل دعاياتها ومكملة حياتها عادي لإنه ما شعرت إنه عادي لا مش عادي نكمل عادي هلأ كلنا بنعيش حياتنا عنا التزامات عنا شغل عنا كل شيء، بس على الأقل عنا هالمنصة زي ما دايما الناس عنا بتفاخروا بالأرقام والأعداد إللي عندهم معناته ولا مرة وحدة استخدموا هذه المنصة لإشي.",0.7301,12:47:41 AM,12:48:13 AM,biqawi_#12,62,TRUE
237,1,واليوم ما بنقدر ننكر إنه السوشيال ميديا ما عملت إشي أو ما عملت هذا الزخم الكبير تجاه هذه القضية وحركت الناس.,0.8072,12:48:14 AM,12:48:21 AM,biqawi_#12,18,TRUE
238,1,"فبالعكس أنا مش بس إنه لسة الناس إللي ما إللي عندها أرقام أنا مع إنه كل حدا يشارك سواء عنده أرقام ما عنده أرقام، إي أي إشي لو عندك فلاوير واحد أدخل وشارك بالهاشتاق وراح أضل أحكي للناس وببهدل الناس إللي لسه بتنزل الأصدقاء إللي عندي باللي لسه بنزلوا سلفيز وصور وأكل. أنا ببهدلهم وببعت مسجات وما بتفرق عندي إن كان حدا الناس دايما متعودة علي متحفظة إيه ما بدخل بالسياسة، لإنه نحنا للأسف في بلد ما فيها حرية رأي أبدا.",0.6814,12:48:22 AM,12:48:52 AM,biqawi_#12,65,TRUE
239,1,فا سياسة دائما من الأشياء إللي أنا أتجنب قدر الإمكان إني أدخلها ممكن أدخل مع أشخاص قرايبي أصحابي في نقاشات سياسية بس أكثر من هيك.,0.7182,12:48:52 AM,12:49:01 AM,biqawi_#12,24,TRUE
240,1,لأن السوشيال ميديا عمري ما استخدمتها للسياسة ولاعمري حكيت بالسياسة بس إللي بصير هلأ مش سياسة إللي بصير هلأ إنه إنت عندك ضمير أو ما عندك ضمير.,0.7309,12:49:02 AM,12:49:12 AM,biqawi_#12,22,TRUE
241,1,ففي كثير زعلت مني في كثير ناس عملت أنفولو نحنا ما بنتحمل هاي المناظر نحنا أهل رام الله مثلا آه في عالم تاني ما ما إلنا دخل هذا القدس وغزة للأسف في فئة اليوم طبعا ما عم بحكي عن عم بعمم بس في ناس هيك شعرت شعرت إنه أنا اليوم هذه دخلت في السياسة يلا أنفولو باي على السلامة.,0.6843,12:49:12 AM,12:49:32 AM,biqawi_#12,45,TRUE
242,1,فما هذا الشخص ما بيهمني أنا اليوم ما ما ب ما بشرفني إنه مثلا يكون في عندي اليوم متابع متضايق إنه أنا عم بنزل شو عم بيصير في بلدنا. مش في بلد تاني. يعني مش والله قارفتكم في أحداث بلد ما لكمش فيها.,0.7989,12:49:33 AM,12:49:47 AM,biqawi_#12,30,TRUE
243,1,إيه فاهم شو قصدي يعني في إلنا أهل في إلنا أصحاب في إلنا أي إشي.,0.6826,12:49:48 AM,12:49:53 AM,biqawi_#12,11,TRUE
244,2,و. و.,0.6826,12:49:53 AM,12:49:54 AM,biqawi_#12,1,FALSE
245,1,و. و. بدي تساعديتي معلش,0.6826,12:49:55 AM,12:49:57 AM,biqawi_#12,4,TRUE
246,1,"يدخلوا ويشاركها شتوي بهذا الزخم. أحسن ما يكونوا ساكتين وتافهين زي ما بقريفونا بأشياء كثير أتفه من هيك، يعني هذا الإنفلونزر مرات بتدخل بتعمل طبخة بتنزل ستوري قد النمل.",0.5094,12:49:58 AM,12:50:11 AM,biqawi_#12,28,TRUE
247,1,وهي بتعمل.,0.7618,12:50:12 AM,12:50:13 AM,biqawi_#12,2,FALSE
248,1,الأكلة.,0.5732,12:50:14 AM,12:50:15 AM,biqawi_#12,1,FALSE
249,2,طيب فاتن,0.4945,12:50:18 AM,12:50:18 AM,biqawi_#12,2,FALSE
250,1,بدي أسألك.,0.4945,12:50:18 AM,12:50:19 AM,biqawi_#12,2,FALSE
251,1,عن جد؟,0.8579,12:50:21 AM,12:50:21 AM,biqawi_#12,2,FALSE
252,2,"طب بدي أسأل أ ال أغلب الناس أو أغلب الأكاونتس إللي أنا شوفتها،",0.5965,12:50:23 AM,12:50:27 AM,biqawi_#12,12,TRUE
253,1,ويعني مش منطقي الإشي.,0.5965,12:50:27 AM,12:50:29 AM,biqawi_#12,4,TRUE
254,2,إيه إيه بدي أسأل هلأ آه معلش فاتن أغلب الناس إللي إللي بال يعني الفرق بينك وبين الناس الثانية هون هون ساعديني ابني إنه أنا كان واضح لي فرضا إنه في كثير ناس موجودة عندها حسابات عملت ستوري أو عملت صورة إللي هو تمام أخذت الموقف وخلصت يا إما كملت حياتها كيف انت قلت بالإعلانات والشغل والترويج أو إنه وقفت احتراما للحدث بس إنت إي إي دخلتي ودخلت بالطول وبالعرض يعني إنه كيف شايف أ يعني بمعنى أنا.,0.7318,12:50:31 AM,12:50:59 AM,biqawi_#12,64,TRUE
255,2,اه دخلت بدي أشارك بدي,0.4883,12:51:00 AM,12:51:01 AM,biqawi_#12,4,TRUE
256,1,افرجي.,0.4883,12:51:01 AM,12:51:02 AM,biqawi_#12,1,FALSE
257,2,وال بس بس أنا عندي سؤال. إشي بيتعلق ب ب.,0.4883,12:51:02 AM,12:51:06 AM,biqawi_#12,9,TRUE
258,2,"م فرضا ببيئة سياسية مثلا إنت طالعة منها إي تسيستي كنت بمكان ما، هذا فارق بين الناس مسيسة وناس مش مسيسة بالعوالم إللي أنتم فيها إللي شغالين فيها إي ولا ولا إشي مش مش هيك يعني أنا كيف بفرق بين بين فلان وعلان؟ بين",0.6936,12:51:06 AM,12:51:25 AM,biqawi_#12,34,TRUE
259,1,لا. لا.,0.6936,12:51:25 AM,12:51:26 AM,biqawi_#12,1,FALSE
260,1,"أنا حدا دايما إنه ما بدي وجع الرأس ولا بحب السياسة وال، يعني ما بحكي فيها ما بدخل فيها ما بتهمني حتى كنت عاملة إن فولو لكل تاعون آه شبكات الأخبار لهي الدرجة يعني أنا من الناس إللي كنت عايشة بقوقعتي آه بعترف أنا حدا زهق وتعب و. وكل زي كل الناس بس إللي بيصير هلأ مش أشي معقول ما بينفع يكون إلي مكان وإلي صوت اليوم عم بقدر أوصل صور وعم بقدر أفرجي الناس إللي عم بتحاول تغمض.",0.7631,12:51:29 AM,12:51:58 AM,biqawi_#12,62,TRUE
261,1,ايه وبتحكي اه مش مشكلة زي كل مرة بيصير بالقدس لا مش زي كل مرة,0.5285,12:51:59 AM,12:52:03 AM,biqawi_#12,11,TRUE
262,1,"يعني فاهم شو قصدي فأنا ما إلي سياسة ورحت أخ ورح تخلص هاي القصة وراح أرجع لمكاني رح يبطل إلي علاقة ولا رح أضل أنزل بالسياسة، أنا بكره السياسة سياسة لعبة جدا حقيرة بالنسبة لإلي",0.7931,12:52:03 AM,12:52:17 AM,biqawi_#12,32,TRUE
263,1,"إيه ما مش مهتمة فيها ولا هاممتني هاممني اليوم إنه أنا عندي صوت وعندي مكان بقدر استخدمه راح استخدمه لو بهاشتاج وحدة لو بأي إشي راح استخدمه. ما بقدر أقول لك أنا كم من الناس إللي عندي خليني أحكي اللي بعد ما أنا بلشت أنزل وبشوف مثلا قديه مرات من الفيديوهات إللي أنا بنزلها قديه هم بيعملوا لها شير وبينزلوها يعني فاهم شو قصدي، ما أنا حاسة بالفرق إللي عم بعمله وحاسة إنه في ناس ممكن بتحاول تطنش بس في ناس كتير ما بطنش ونضمت للإشي لإلي وبالعكس يعني بشجع كل حدا حواليي وببهدل كل حدا اليوم مش محترم هذا الحدث وما بيفرق عندي",0.686,12:52:17 AM,12:52:52 AM,biqawi_#12,78,TRUE
264,1,بده يزعل.,0.2824,12:52:53 AM,12:52:54 AM,biqawi_#12,2,FALSE
265,1,بده يزعل موضوع مش سياسة بطل السياسة يعني القدس وغزة وما رح ارجع أحكي سياسة لأني أنا مش مهتمة أحكي سياسة وحسابي مش حساب سياسة ولا راح أعطي رأيي بالسياسة ولا عمري راح أشارك الشخص اللي ولنفسي.,0.7142,12:52:55 AM,12:53:12 AM,biqawi_#12,29,TRUE
266,1,بس إللي بصير اليوم ما إلها دخل بالسياسة إله دخل بالإنسانية وبالضمير بس.,0.7582,12:53:13 AM,12:53:17 AM,biqawi_#12,12,TRUE
267,2,"طب آه فاتن في البداية آه هيك آه يعني بنطلع شوي من مجال من من قصة influencers هلأ ومنرجع للريادة شوي، الريادة إللي إنت بتحبي تعرفي حالها أو جلسة إي ظبطي قعدتك.",0.6441,12:53:18 AM,12:53:32 AM,biqawi_#12,28,TRUE
268,1,م. هاهاها,0.6441,12:53:32 AM,12:53:33 AM,biqawi_#12,2,FALSE
269,2,"اجت الريادة إللي إنت بتحبيها،",0.6441,12:53:34 AM,12:53:35 AM,biqawi_#12,5,TRUE
270,2,آه أنا إنتبهت عندك مثلا على.,0.7717,12:53:38 AM,12:53:40 AM,biqawi_#12,6,TRUE
271,1,بحب بحب هيك.,0.4837,12:53:42 AM,12:53:45 AM,biqawi_#12,2,FALSE
272,2,بتحبي شو معليش؟,0.6131,12:53:45 AM,12:53:47 AM,biqawi_#12,3,FALSE
273,1,"ما سمعت قطع,",0.6131,12:53:47 AM,12:53:48 AM,biqawi_#12,3,FALSE
274,1,بقول بحب الريادة بحب البيزنيس بحب أحكي بالبيزنيس.,0.6711,12:53:50 AM,12:53:54 AM,biqawi_#12,6,TRUE
275,2,"إنتبهت إنه ال أول شيء كيف حكيتي إنت كيف المسار تبع إنه إنت لما دخلت الميكأب يعني ما دخلتهوش يعني دخلتي وعارفة شو بتعملي، إيه كان في أول 500 شيكل، كيف حكيتي لي يعني إنه جمعتيها عشان تشتري أول أغراض عشان تمشي تشتغلي عشان تعملي مشروع عشان توصل المحل إللي إنت فيه اليوم، إييه ولما الموضوع صار ترند والناس بلشت تستثمر فيه وتفتح صالونات وشركات وكذا ويدخل عليها كثير مصاري اجيتي إنت وقلتي إنه",0.6711,12:53:54 AM,12:54:22 AM,biqawi_#12,57,TRUE
276,2,"مرحبا هيك بلشت الناس تحكي إنه لي فاتن بطلت تاخد حجوزات إي وقفت شغل، وبعدين فاتن صارت تهتم بأنه تحكي على ال ماركتينج والتسويق والبيزنيس على اليوتيوب و وبعدين اليوم فاتن قاعدة بتصفط بحياة بتتعلق بمشاريع جديدة وتفاصيل جديدة، كيف أ كيف مسار الريادة اليوم بده يكمل معك أكثر؟",0.7344,12:54:23 AM,12:54:45 AM,biqawi_#12,42,TRUE
277,2,آه و شوي عم ال ال المشاهد هاد إللي حكيت أنا عنها هي التخبط ولا إشي محسوب أكثر ب ب إنت وين رايحة؟,0.8343,12:54:46 AM,12:54:53 AM,biqawi_#12,21,TRUE
278,1,آه,0.616,12:54:58 AM,12:54:59 AM,biqawi_#12,1,FALSE
279,1,أوكي.,0.6204,12:54:59 AM,12:55:00 AM,biqawi_#12,1,FALSE
280,1,مبدئيا أنا مش آه غير جول اورينتد يعني خلص كثير واضحة عندي رؤية عندي فيشين شايفة حالي كثير منيح وين ماشية وين رايحة فلما بلشت في الميكاب أنا كنت عارفة إنه أنا اليوم المايك اب وسيلة لإلي أنا بحب الميكأب بس بدي استخدمه لأوصل لمكان أو بدي أوصل لأي شيء بدي أعمل استقلالية مادية من ناحيتي لإنه عندي هالموهبة البسيطة إللي كانت تطور فاشتغلت عليها وصار عندي هالقاعدة خليني أحكي من الزباين وال.,0.6605,12:55:01 AM,12:55:30 AM,biqawi_#12,62,TRUE
281,1,"والناس إللي عم بتيجي عم تستفيد من خدماتي فا في هيك أنا ماشية عليه اليوم أنا ماشي خلصت نصه مثلا بخلص بشطب، بخلص بشطب بس مش والله اليوم صحيت يلا خلص بطل جاي عبالي أشتغل ميكأب، لا وأشي واضح يعني أنا من أول ما بلشت في مجال الميكاب، أنا عارفة إنه أنا هذا الاشي فترة راح تخلص، لما حسيت هذا المجال، أنا وصلت إللي بدي إياه فيه، أنا كان عندي هدف، أول يوم بتذكر لما كنت لسه بتقنع الناس بقنع الناس.",0.6758,12:55:31 AM,12:56:01 AM,biqawi_#12,66,TRUE
282,1,"إنه تعوا، وإنه بعملك ميكأب وهيك، وإنه يعني ما تخافي، ما ما بعجب عليكي",0.5503,12:56:01 AM,12:56:08 AM,biqawi_#12,11,TRUE
283,1,كان عندي إنه في يوم.,0.8359,12:56:09 AM,12:56:11 AM,biqawi_#12,5,TRUE
284,1,إيه.,0.4041,12:56:13 AM,12:56:13 AM,biqawi_#12,1,FALSE
285,1,"أي أيام أنا أكون لإلي 2016 بلشت بهذا الشيء تخصصت في مجال للعرايس إللي هو كان لسه برضه هلأ فيك تلاقي ناس كثير مثلا بتقول لك أنا ما بشتغل أنا ما بعمل غير عرايس صارت موضة بس ال2016 ما كان الشيء دارج، ما كان وارد يعني كانت الناس تنصدم منه فعملت هذا الشيء ال2016 واشتغلت أربع سنين.",0.6324,12:56:14 AM,12:56:34 AM,biqawi_#12,47,TRUE
286,1,بس بالعرايس وكان نفسي يكون عندي هالإقبال يعني من البنات ما أكون أنا اسم دارج بمدينتي على الأقل إنه هاي مثلا فاتن معروف إنه بتعمل ميك أب عرايس مرتب إنه هاي هي فئة شغلي.,0.7279,12:56:35 AM,12:56:47 AM,biqawi_#12,31,TRUE
287,1,فا وصلت لهذا الشيء هلأ وصلت لمرحلة حسيت إنه أنا إذا بدي أضل أكمل في مجال.,0.7893,12:56:48 AM,12:56:54 AM,biqawi_#12,15,TRUE
288,1,قال السيرفيس الخدمة تاعت ال ميك أب فأنا فعليا رح أضل مقضي وقتي بس قاعدة بشتغل ميك أب بها الزاوية رابطة كل حياتي في مجال الصالون وبس قاعدة بتسوي مصاري.,0.6695,12:56:54 AM,12:57:06 AM,biqawi_#12,27,TRUE
289,1,"بس لا عقلي بيشتغل لا بتحدا حالي بأشياء جديدة، خلاص حسيت إنه أنا يعني أنا كمان بلش في المجال أحمد صغيرة بلشت بعيش عمري 20 سنة أنا اليوم عمري 28 سنة ما بقدر أنكر إنه شخصيتي فكري كل إشي اتطور نظرتي للأمور تغيرت يعني نظرتي للميكأب للتجميل كلها تغيرت اليوم بحس إنه في أشياء أهم وبحس إنه أنا.",0.728,12:57:07 AM,12:57:32 AM,biqawi_#12,45,TRUE
290,1,قادري إني أفيد طبعا ما بقلل من دون أي حدا عم يشتغل.,0.6473,12:57:34 AM,12:57:38 AM,biqawi_#12,12,TRUE
291,1,"في هذا المجال للمرة ال1,000,000 بس أنا شخصيا عارفة إنه عندي أشياء أكثر من هيك بقدر أعطيها بقدر أعملها فا عندي كمان حب البيزنيس يعني أنا ما بحب الناس تعرف إنه مثلا كان في ناس تيجي لعندي ع الصالون تقول لي فاتن إنت دارسة إنه هيك تنصدم إنه إنت مخلصة جامعة إنه خلاص في لسه عنا هذه الصورة النمطية إنه كنت أشعر بالإهانة جاد إنه. إنه ليه.",0.7369,12:57:39 AM,12:58:03 AM,biqawi_#12,54,TRUE
292,1,"فا آه بس شعرت أني وصلت لل بدي إياه في الميكأب آه أعطاني لو ما يعني لو ما عملت هذا الشيء يعني أقعد مثلا ثمن سنين أشتغل في مجال الميكأب كنت يمكن أنا اليوم ما بقدر بقوة أجي أحكي أنا بدي أترك هذا المجال وأغير هلأ الناس فكرت أنا رح أروح لاindustry مختلف الإشي إللي إللي أعمله إنه أنا بس راح اليوم أكبر شوي وعم بشتغل على إشي بروفيشنال أكثر، يعني أنا بدي أدخل الbrand تاعتي إللي طلعتها العلامة التجارية إللي طلعتها بال2019 روايات نسالها ليشتغل عليها بصورة بروفيشنال أكثر.",0.6079,12:58:04 AM,12:58:39 AM,biqawi_#12,68,TRUE
293,1,"مرتبة أكثر وأدخل كل هالكم الخبرة إللي عندي في مجال البيزنس وفي مجال التجميل، في شيء لي في بزنس لإلي فا بس أنا رحت اتجهت لمجال البزنس فهذه هون الريادة إللي حكي عنها فا يعني من أول يوم أنا عارفة إنه الميكأب فقرة راح تخلص موضوع الصالون، أنا ما عمري كان عندي اهتمام ولا عمري كنت بلاقي حالي صراحة في مجال الصالون بس كانت فقرة مهمة في حياتي عشان أقدر أوصل لبعدها.",0.6433,12:58:39 AM,12:59:06 AM,biqawi_#12,58,TRUE
294,1,"فا بس،",0.5726,12:59:07 AM,12:59:08 AM,biqawi_#12,2,FALSE
295,2,اوك. آه موفقة,0.5726,12:59:09 AM,12:59:12 AM,biqawi_#12,3,FALSE
296,1,بس لا يعني ماشي على خطة إن شاء الله بتضل هيك و,0.5726,12:59:12 AM,12:59:16 AM,biqawi_#12,12,TRUE
297,1,يسلمو.,0.6819,12:59:16 AM,12:59:17 AM,biqawi_#12,1,FALSE
298,2,موفقة وبالتوفيق هو أنا صراحة يعني اه أب يعني فاتن يمكن هيك كان في حدث في البلد وقت وقت قضية سما عبد الهادي و وقتها أنا وياك يعني اه أو أنا وقتها شفتك وأنت شفتيني وكذا بعدين لما كنت بحكي يعني اه مع الأصدقاء وأختي آلاء بحكي إنه فاتن وكذا فقالت لي إنه إنت بالريادة فأنا طلعت إنه في ميك أب ارتست وفي ريادة أ وبعدين شيء ثاني هيك ال.,0.6819,12:59:18 AM,12:59:48 AM,biqawi_#12,52,TRUE
299,2,"التشكيلة إللي موجودة، إللي حكت يعني كان أكثر شيء الاوتبوت إللي موجود إللي بنشوفه على انستجرام في مسؤولية إجتماعية، تجاه قضايا سياسية، وتجاه قضايا إجتماعية يمكن نتيجة وجودك بشغلك ومع مع احتكاكك مع الناس، بتتجنبي بتعرفيها، إنه هي قضايا سياسية وقضايا اجتماعي، وهي قضايا سياسية، قضايا إجتماعية، إيه، إي وال و وفكرة حتى أحيانا نحنا بدنا نتجنب نحكي إنه يعني مثلا سياسة وهيك وبنيجي بنحكي ضمير بس هو بالأخر أصلا نحنا يعني جزء أساسي من دافعنا بإتجاه العمل السياسي.",0.7247,12:59:48 AM,1:00:18 AM,biqawi_#12,65,TRUE
300,2,"إنه. إنه في ضمير، وفي أخلاق وفي مبادئ ياللي بتحركنا باتجاه وهي إللي حركتك إنك إنت تكوني في المكان هاد أنا صراحة جدا مبسوط بنموذج فاتن كان لإلي هاي عوالم هيك يعني ما عنديش أدنى فكرة عنها. إييه لأنه. لأنه يعني ب إيه بنطلع المؤثرين التوب خليني أحكي في البلد هم يعني بالأغلب ممكن يكونوا صبايا والصبايا بيشتغلوا بالميك أب والميك أب مربوط بصور النمطية عن الصبايا والشباب، والكذا والهيك.",0.7006,1:00:18 AM,1:00:48 AM,biqawi_#12,64,TRUE
301,2,وكثير تفاصيل. وبعدين دخلنا بالقطاع التجاري فكل هذه العوالم لألي كانت يعني مجهولة مقلقة وبظن إنه أنا يعني كنت محظوظ إنه خضت هذا النقاش معك.,0.8407,1:00:48 AM,1:00:57 AM,biqawi_#12,23,TRUE
302,2,إنت ف.,0.6598,1:00:58 AM,1:01:00 AM,biqawi_#12,2,FALSE
303,2,"شكرا، شكرا فاتن شكرا جزيلا. بعرفش إذا بدك تحكي شيء قبل ما أختم.",0.77,1:01:00 AM,1:01:04 AM,biqawi_#12,12,TRUE
304,2,بدك تضيفي شيء أو تحكي شيء قبل ما تختمي؟,0.6604,1:01:06 AM,1:01:08 AM,biqawi_#12,8,TRUE
305,1,"لا يعني أنبسطت كثير. انبسطت كثير بي يعني هيك حسيت إنه يمكن ممكن الناس هيك ت أنا مش كثير بيكون بطلع على السوشيال ميديا، و بحكي عن حالي بشكل شخصي، فا في كثير ناس ممكن هيك تتعرف على جانب ثاني من شخصيتي، بهذا اللقاء بس انبسطت فيه كثير، وإنشاء الله هيك يعني أكون أنا عطيتك المعلومات إللي إنت كنت مهتم تسمعها وبس.",0.6604,1:01:08 AM,1:01:35 AM,biqawi_#12,51,TRUE
306,2,شكرا لإلك. بدي أنهي أنا بالسؤال الختامي تبعي أظن يمكن بتعرفيه إنت بتطبخي هذه معلومات خاصة؟,0.6772,1:01:36 AM,1:01:42 AM,biqawi_#12,16,TRUE
307,1,هاهاها مثل ما اطبخ بس بكره أطبخ المقلوبة. ليه؟.,0.6772,1:01:43 AM,1:01:48 AM,biqawi_#12,9,TRUE
308,1,عم اطبخ بس بكره أعمل المقلوب يعني جوزي دائما بيقول لي شو لما أقول له شو بدنا نعمل اختار أكلة سهلة بيقول لي مقلوبة بضل أقله من وين أنت مقرر إن المقلوبة أكلة سهلة لأنها بتعوم المطبخ وبتوسخ الدنيا وخلص باكلها عند أهلي أو عند دار حماي بس بحبها بس بحبش أطبخها.,0.6596,1:01:50 AM,1:02:11 AM,biqawi_#12,44,TRUE
309,2,هاي حلوة بحبها.بس بحبش أطبخها هاهاها هذه جديدة بس إنت يعني بتعرفي تطبخي منيح وما بتحبي تطبخيها هيكا القاعدة ياه.,0.7424,1:02:12 AM,1:02:22 AM,biqawi_#12,20,TRUE
310,1,لا لا بطبخ بطبخ ما فيش مجال,0.7143,1:02:24 AM,1:02:28 AM,biqawi_#12,5,TRUE
311,2,"وكيف وكيف بتحب المقلوبة، إنت بالعادة أكثر؟",0.7143,1:02:29 AM,1:02:32 AM,biqawi_#12,6,TRUE
312,1,"يعني أنا ما بحبها زي ما هي في ناس يعني أهلي بيعملوها فيها كل شي مقلوبة وحدة فيها كل الأشياء إللي هي بطاطا، و زهرة وبيتنجان دار حماي بيعملوها محددة مقسمة فكل وحدة طعم بس بحب التنتين. يعني تعودت على التنتين",0.7935,1:02:37 AM,1:02:53 AM,biqawi_#12,33,TRUE
313,1,بس المهم إنه بدجاج المقلوبة نخلقت دجاج. مش بلحمة هاي المعلومة يعني اه هاي ضرورية,0.6951,1:02:54 AM,1:03:02 AM,biqawi_#12,14,TRUE
314,2,مجبور أسألك سؤال السؤال إللي لازم تجاوبيه ما تحكيش مش راح تجاوبيه مين أذكى مقلوبة أهلك ولا دار حماكي؟,0.6951,1:03:02 AM,1:03:11 AM,biqawi_#12,18,TRUE
315,1,"أي بصراحة التنتين بس حماتي هي أش يعني اذكى أكلة أكلتها في حياتي هو أكل حماتي بس تنتين ذاكيين طعم مختلف، وأمي كمان بس إنه.",0.6369,1:03:15 AM,1:03:25 AM,biqawi_#12,22,TRUE
316,1,حماتي cheff هاهاها لا يعلى على أكلها.,0.6253,1:03:26 AM,1:03:29 AM,biqawi_#12,7,TRUE
317,2,"فاتن فاتن شكرا جزيلا. صراحة يعطيكي ألف عافية هاهاها شكرا شكرا لإلك ويعطيكي ألف عافية كانت حلقة لطيفة, شكرا لك وحوار لطيف يعطيكي ألف عافية وشكرا.",0.7876,1:03:30 AM,1:03:40 AM,biqawi_#12,17,TRUE
318,1,ا. ب,0.0892,1:03:43 AM,1:03:46 AM,biqawi_#12,2,FALSE
