﻿Column1,speakerId,text,confidence,start,end,PodcastID,UniqeWordsNum,NeedTagging
0,1,هناك في البلدة العتيقة كونه الحرم الإبراهيمي الشريف متصل اتصال مباشر في البلدة القديمة في مدينة الخليل يعني بنشغل على افتراض جماعية بتصل لعشرات الآلاف وإييه في بعض الحدائق وبالتعاون مع بلدية الخليل وزارة الأوقاف وكذلك مؤسسة فيكا في تركيا اشتغلوا على هذا الموضوع.,0.7664,12:00:00 AM,12:00:23 AM,biqawi_#38,37,TRUE
1,2,إنت بتحكيلي عشرات الآلاف هذا بشكل يومي ويلا في يوم بنعمل؟,0.8576,12:00:25 AM,12:00:28 AM,biqawi_#38,11,TRUE
2,2,لا يعني موضوعة الإفطارات الجماعية باليوم كل يوم عم بيكون فيه إشي.,0.7189,12:00:29 AM,12:00:34 AM,biqawi_#38,12,TRUE
3,1,بكون يوم,0.7189,12:00:35 AM,12:00:35 AM,biqawi_#38,2,FALSE
4,1,"إيه ليلة القدر أو ليلة معينة بحكم كمان الناس بتحب تعتكف فإييه في رمضان، وإحنا ممكن كمان كوزارة الأوقاف نشتغل على إشي يعني النسوي إفطار جماعي في محيط البلدة القديمة لكن صعوبة الوصول صعوبة إدخال المواد إنت تصور كمان حتى الناس القاطنين واللي عايشين في هاي المنطقة بيجود صعوبة ما بيستطيعوا يجوا يدخلوا هاي المنطقة في سياراتهم.",0.7025,12:00:37 AM,12:01:08 AM,biqawi_#38,46,TRUE
5,1,"يعني بتقدر تقول لك كيلو 2 كيلو الناس بتحمل أغراضها على الإيد، فبالتالي هناك صعوبة بتوفير هاي الأجواء الرمضانية الجميلة في محيط البلدة القديمة والعائق طبعا هو الاحتلال.",0.7976,12:01:08 AM,12:01:22 AM,biqawi_#38,27,TRUE
6,2,"مرحبا وأهلا وسهلا فيكم في حلقة جديدة من بودكاست تقارب حلقتنا اليوم حلقة جديدة من حلقات رمضان مع ضيفنا العزيز الخليلي غسان الرجبي، مرحبا يا أخي غسان كيفك يا غسان؟",0.8967,12:01:37 AM,12:01:52 AM,biqawi_#38,24,TRUE
7,1,مرحبا كتير لإلك ولجميع السادة المتابعين والمشاهدين والمستمعين وشكرا إلك أستاذنا أستاذ أحمد حبيبنا الرائع.,0.8073,12:01:54 AM,12:02:04 AM,biqawi_#38,15,TRUE
8,2,"حبيبي حبيبي، يخلي لي إياك يا رب أبدا نرفع الكلف بالكامل، أبو كنان حبيت أبو كنان اسم كنان كثير حلو، هاد اختيارك ولاختيار المدام",0.8316,12:02:05 AM,12:02:14 AM,biqawi_#38,21,TRUE
9,1,والله التنين شراكة يعني,0.8843,12:02:16 AM,12:02:17 AM,biqawi_#38,4,TRUE
10,2,بس محسوب على مين الاسم أكتر هاهاها.,0.7943,12:02:18 AM,12:02:21 AM,biqawi_#38,7,TRUE
11,1,يعني يمكن على إمكانات من  خوف تزعل ممكن تشوف الفيديو فعشان هيك لازم,0.6919,12:02:22 AM,12:02:27 AM,biqawi_#38,13,TRUE
12,1,يعني جامل شوي,0.7103,12:02:28 AM,12:02:30 AM,biqawi_#38,3,FALSE
13,2,هاهاها طيب هاهاها أهلا وسهلا فيك. كل عام وأنت بخير ويخليك يا رب,0.7957,12:02:31 AM,12:02:36 AM,biqawi_#38,12,TRUE
14,1,وأنت بخير وصحة وسعادة وسلامة للجميع.,0.6508,12:02:38 AM,12:02:41 AM,biqawi_#38,6,TRUE
15,2,أنا بالعادة بالعادة اييه بسام بترك الضيف يعرف حاله زي ما بحب.,0.6508,12:02:41 AM,12:02:48 AM,biqawi_#38,11,TRUE
16,2,"فا عرفنا عن حالك هيك  بشكل مختصر قبل ما ندخل بموضوعنا الكبير إللي جايك عشانه،",0.8438,12:02:49 AM,12:02:56 AM,biqawi_#38,15,TRUE
17,1,يعني أنا غسان وحيد الرجبي حاليا ايي أشغل منصب مدير الحرم الإبراهيمي الشريف ويعني عنا في المدينة في مدينة الخليل هذا المنصب منصب فخري أكتر ما هو منصب أي إشي ثاني فبالتالي أي حدا ممكن يصل لهذا المكان بيكون يعني أمه دعيتله.,0.7939,12:02:58 AM,12:03:18 AM,biqawi_#38,37,TRUE
18,1,"كما يقال والحمد لله رب العالمين، أنا كنت عضو مجلس بلدي في بلدية الخليل والآن إيه أنا مدير الحرم الإبراهيمي إيه الشريف يعني بحصللي الشرف إني أكون صديق خادم عند إيه هذا المكان الطاهر رابع أقدس مكان إسلامي في العالم.",0.8585,12:03:19 AM,12:03:37 AM,biqawi_#38,36,TRUE
19,2,ونحنا حاليا قاعدين بنسجل الحلقة من داخل الحرم صح؟,0.8016,12:03:39 AM,12:03:43 AM,biqawi_#38,9,TRUE
20,1,وإحنا كمان صحيح من الباب الشرقي الحرم الإبراهيمي الشريف وهو مغلق من قبل الاحتلال.,0.9205,12:03:44 AM,12:03:52 AM,biqawi_#38,13,TRUE
21,2,"الله يعطيك ألف عافية بس قلي شو يعني مدير الحرم الإبراهيمي،",0.884,12:03:54 AM,12:03:57 AM,biqawi_#38,11,TRUE
22,2,يعني شو بتساوي باليوم يوم؟,0.8906,12:03:58 AM,12:04:00 AM,biqawi_#38,5,TRUE
23,1,"يعني مثلا في رمضان برنامج مدير الحرم بدو يكون فل بدو يتابع كل شيفتات الحرم طبعا الحرم عنا أربع شفتات للموظفين في الإضافة  للخدم الموجودين في داخل الحرم الإبراهيمي الشريف يعني مدير الحرم طبعا هو تابع لوزارة الأوقاف والشؤون الدينية كمؤسسة دينية وهو الحرم الإبراهيمي الشريف، طبعا في عندك أكثر من ناحية إدارية. إييه",0.7849,12:04:01 AM,12:04:32 AM,biqawi_#38,40,TRUE
24,1,"عنا المدير رئيس الأقسام رئيس قسم مثلا الوعظ والإرشاد، رئيس قسم شؤون الموظفين تبعية الإدارية في هذا الموضوع. في عنا كمان شغلة.",0.7634,12:04:32 AM,12:04:44 AM,biqawi_#38,17,TRUE
25,1,إحنا عنا كمان شغلة في هذا الخصوص بموضوع الحرم.,0.7607,12:04:47 AM,12:04:52 AM,biqawi_#38,9,TRUE
26,1,"بعد ما حكينا عن الكتب، الموضوع التبعية الإدارية بملأ وقته طول النهار تقريبا في الحرم الإبراهيمي الشريف ومتابعة كافة أمور الحرم وحضور الناس و الصلوات والتراويح وكافة الأمور الوعظية والإرشادية والقراءة والتراويح والزائرين والوفود لكل ما يتعلق في الحرم الإبراهيمي الشريف.",0.8005,12:04:53 AM,12:05:17 AM,biqawi_#38,35,TRUE
27,2,"طيب هذا المنصب إنت قلت لي منصب فخري يعني إللي بياخذوه فعليا بعرف في الخليل في معادلة ثانية أنا في معادلة عائلات ومعادلة إيه إيه أكثر من معادلة بقية المناطق، الضفة يعني فالإشي مثلا طالع من فكرة تقاسم عائلة تقاسم فصائلي تقاسم كيف ولا كفاءة ولا كيف. كيف بيصير النظام هذا؟",0.8065,12:05:18 AM,12:05:39 AM,biqawi_#38,40,TRUE
28,1,"يعني الموضوع يمكن آه يعني سؤالك كثير دقيق خاصة عنا في الخليل يعني والحقيقة الحمد لله رب العالمين، يعني أنا بعتقد إنه أنا إن شاء الله إني بستاهل هذا المكان إللي أنا موجود فيه",0.827,12:05:41 AM,12:05:56 AM,biqawi_#38,29,TRUE
29,1,طبعا أنا أصغر عضو مجلس بلدية بلدية الخليل في تاريخ مدينة الخليل.,0.8907,12:05:56 AM,12:06:01 AM,biqawi_#38,11,TRUE
30,1,إيه دخلت 29 سنة والآن أنا تقريبا يعني نحنا هاليومين بدنا نسلم المجلس البلدي الجديد.,0.7996,12:06:02 AM,12:06:09 AM,biqawi_#38,15,TRUE
31,1,بالتالي كمان أنا معي كمان ماجستير قضاء الشرعي معي كمان هندسة مساحة في شغلات ممكن أنا أحكي فيها بالإضافة لل إن شاء الله إن شاء الله يعني بدناش حد نصل لدرجة نمدح أنفسنا لكن إن شاء الله بنكون قد الحمل والكل يعني كان.,0.79,12:06:10 AM,12:06:27 AM,biqawi_#38,32,TRUE
32,2,الله يعطيك الف عافية,1,12:06:27 AM,12:06:29 AM,biqawi_#38,4,TRUE
33,1,"يعول كثير في هذا المنصب، لأن هذا",0.6644,12:06:29 AM,12:06:33 AM,biqawi_#38,6,TRUE
34,2,المنصب مش سهل,0.6644,12:06:33 AM,12:06:33 AM,biqawi_#38,3,FALSE
35,1,"تعقيداته، وظروفه كمان مش سهل.",0.6644,12:06:34 AM,12:06:36 AM,biqawi_#38,5,TRUE
36,2,"إيه طيب  وخليني أجرب هيك أسأل إنه في جانب في جانب سياسي وفي جانب أمني مع الاحتلال بمعنى إنه إنت في دور إللي هو الدور الحفاظ على الحرم كما هو ال حمايته ومتابعته، فهذا فيه احتكاك في جانب منه احتكاك مع الاحتلال، لا ولا أنا غلطان أنا عشان عم بتعرف على المنصب معك صراحة.",0.7673,12:06:38 AM,12:06:59 AM,biqawi_#38,42,TRUE
37,1,"والله إنه يعني أسئلتك بدي أعطيك أو هو هذا الإشي الصعب في الموضوع كان يعني في البداية في تردد لهاي القضية بالذات يعني إحنا احتكاكنا المباشر في موضوع الاحتلال الإسرائيلي، خاصة إنه بعد مجزرة الحرم الإبراهيمي الشريف.",0.8489,12:07:01 AM,12:07:18 AM,biqawi_#38,31,TRUE
38,1,"وتقسيم الحرم وسرق 63% إيه طبعا هناك يعني دائما مفرغ عنا ال الضباط الارتباط الفلسطيني للتسهيل يعني الوصول وتعقيدات كمان الدخول للحرم الإبراهيمي الشريف بتعرف إنت البلدة القديمة في مدينة الخليل لا يستطيع أحد الدخول إليها إلا بعد يعني تجاوز الحواجز الاحتلالية الإسرائيلية، هاي المرحلة مرحلة ثانية كمان إذا إنت كمان بدك تدخل على الحرم الإبراهيمي.",0.8258,12:07:19 AM,12:07:51 AM,biqawi_#38,49,TRUE
39,1,الشريف يجب أنك تجاوز كمان تفتيش جديد تفتيش على الهوية تفتيش جسدي فالموضوع يعني مش سهل نهائي يعني,0.7727,12:07:51 AM,12:08:02 AM,biqawi_#38,15,TRUE
40,1,لكن بالنهاية نحن من حيث الناس للإقبال للحرم الإبراهيمي الشريف مع التعقيدات الموجودة وصعوبة الوصول والظروف الاحتلالية في هذا المكان إلا إنه ما شاء الله إن الانتماء لهذا المكان والزائرين والوفود من كافة يعني المناطق دائما بتيجي للحرم الإبراهيمي الشريف بتشوف معاناته الصعبة الصعبة.,0.7982,12:08:03 AM,12:08:30 AM,biqawi_#38,39,TRUE
41,1," الاحتلال الإسرائيلي يضع على 63% من مساحاته إيه الداخلية وكمان كافة الساحات الخارجية، وبالمناسبة يعني ما زال الاحتلال يواصل سلسلة تهويدية بحق هذا المكان وهو الأصانصيل وكمان إللي المصعد الكهربائي والمسار السياحي، هذا القرار كان في 10 من أغسطس آب سنة ألف و و2021.",0.7571,12:08:31 AM,12:08:59 AM,biqawi_#38,40,TRUE
42,1,وكمان الحرم هو على لائحة اليونسكو من 2017 محمي إسلامي فالأصل حمايته لكن مع. هي الاحتلال الإسرائيلي يضرب عرض الحائط في كافة الوثائق والاتفاقيات الأممية والدولية.,0.8211,12:09:01 AM,12:09:15 AM,biqawi_#38,26,TRUE
43,2,"طيب آه أو كنان هلأ بدي أغلبك خلينا نستمتع، أنا بدي أستمتع أنا و المتابعين والمستمعين باللهجة فاكسرلي الفصحى تماما بدناش نحكي بالبيضا. أعطينا العامية وحطنا بجو الخليل بالكامل لأنها أنا بلشت أشمر عشان جيتك هلأ بكمية من الأسئلة.",0.7141,12:09:16 AM,12:09:33 AM,biqawi_#38,35,TRUE
44,1,أنا حاسس إنك بدك تسحب رجلي عشان أحكي خليلي.,0.7141,12:09:34 AM,12:09:37 AM,biqawi_#38,9,TRUE
45,2,آه خلص انهيلي الملف هاد هاهاها,0.7141,12:09:38 AM,12:09:42 AM,biqawi_#38,6,TRUE
46,1,حبيبي حبيبي ولا يهمك,0.2283,12:09:43 AM,12:09:44 AM,biqawi_#38,3,FALSE
47,2,يخليلي إياك يا رب جزء من برامج الحرم الإبراهيمي والخليل بتكتر الإفطارات الجماعية. صح إي وموائد الرحمة إي هادا إشي بينفع أول شيء تحطني في جوه بالحرم.,0.7451,12:09:44 AM,12:09:58 AM,biqawi_#38,26,TRUE
48,2,إذا في أشياء بتصير بالحرم تحديدا أو خارجها.,0.8787,12:09:59 AM,12:10:02 AM,biqawi_#38,8,TRUE
49,1,"إيه يعني إحنا جديد في الحرم الإبراهيمي الشريف آه مم بدنا نسوي كل جمع إفطارات جماعية في داخل الحرم الإبراهيمي الشريف، طبعا بالإضافة إنه كل يوم إللي بيجي بيصلي في الحرم والإبراهيمي بيقدر يفطر كمان مع الشركة الموجود الشفتان ومجموعة من الشباب الحراس و الخدم والسدنة الموجودين في الحرم الإبراهيمي الشريف، وإللي بيجي كمان لصلاة المغرب بيستطيع إنه يفطر بهذا الجو الزميل وطبعا الأكل في داخل الحرم الإبراهيمي له مذاق آخر لإنه هو بالقرب.",0.7527,12:10:03 AM,12:10:34 AM,biqawi_#38,56,TRUE
50,1,"من سيدنا إبراهيم عليه السلام، فبالتالي هو أبو الضيفان، وأبو الكرم وأبو العطاء، وكذلك هو بالقرب من تكية سيدنا إبراهيم هاي بخصوص اليوم يوم، أما بخصوص إنه نحنا كمان بدنا نسوي فترات جماعية، إيه كوزارة الأوقاف بأيام الجمعة وليلة القدر مع المناقصات الموجودة إلا إحنا يعني مصرين لمتل هذا الموضوع.",0.7526,12:10:35 AM,12:11:00 AM,biqawi_#38,44,TRUE
51,2,طب كم واحد بيجي مثلا أنتم بتعملوا حسابكم على الافطارات؟,0.7685,12:11:01 AM,12:11:04 AM,biqawi_#38,10,TRUE
52,2,إللي هي يوم الجمعة عاملين حسابكم لإلها؟,0.8097,12:11:05 AM,12:11:08 AM,biqawi_#38,7,TRUE
53,1,أيام الجمعة ما يزيد عن 70 ثمانين شخص تصل إلى مائة إلى ميتين شخص.,0.8566,12:11:08 AM,12:11:14 AM,biqawi_#38,13,TRUE
54,2,70. ثمانين لمية وميتين شخص أوكي طيب و وهذا إشي خاص بالحرم الإبراهيمي ولا بخارجه كمان بيصير في جوامع ثانية بمناطق ثانية.,0.8095,12:11:16 AM,12:11:25 AM,biqawi_#38,22,TRUE
55,1,"لا هو. هو الحرم الإبراهيمي الشريف بموضوع الإفطارات، ممكن يكون يعني أشد صعوبة بحكم إنه أي إشي بيدخل على داخل الحرم الإبراهيمي يعني بحاجة إلى تفتيش كامل من الاحتلال، وهون في اشتعال في بين الناس، ما هو الخوف والرغبة ما زال من مجزرة المجزرة التي حدثت في داخل الحرم الإبراهيمي الشريف سنة 1994، وبالمناسبة هي حدثت في شهر رمضان المبارك ب15رمضان .",0.8139,12:11:26 AM,12:11:58 AM,biqawi_#38,48,TRUE
56,1,"ما يقارب 28 سنة هي إلى الآن ما زالت عالقة في دين الناس، وهي في تخوف من الحضور والقدوم إلى الحرم الإبراهيمي الشريف فبالتالي يعني إحنا اليوم دورنا دور كبير من إزالة هذا التخوف وحبنا الكبير إنه الناس تتوافد يصل أعداد كبيرة عنا فعاليات كتيرة في دعم الحرم وتوافد وتوافد الناس لإله يعني بوصل أعداد ما يقارب ل 15,000.",0.7906,12:11:58 AM,12:12:28 AM,biqawi_#38,47,TRUE
57,1,"في بعض الأوقات، وصلاة الفجر بالتحديد.",0.8359,12:12:28 AM,12:12:31 AM,biqawi_#38,6,TRUE
58,2,"أوكي طب إنت لما بتقول لي صلاة الفجر بيجيها 15,000 والإفطارات الجماعية 70 ل 80 إي ل لأجل عامل بالأكثر يعني لأجل عامل تخوف الناس ولا تضيقات الاحتلال يعني أنتم ما بتقدروا تعملوا أعداد أكبر تجمعات أكثر أو تدخلوا أكل أكتر ولا كيف؟ لإنه العدد 70 ثمانين كمية كتير قليل.",0.7338,12:12:32 AM,12:12:53 AM,biqawi_#38,44,TRUE
59,1,"طبعا طبعا قليل جدا لإنه أصلا إحنا كمان إيه إحنا الأنشطة إللي بنسويها إذا إذا كانت أنشطة للصلاة أو أنشطة للطعام إحنا كانت الأنشطة للصلاة وتوافد الناس كبداية، لكن هذا ما يمنع إنه يكون عنا أنشطة جديدة في موضوع الإفطارات الجماعية، وممكن كمان نشتغل على ساحات الحرم الإبراهيمي خاصة في الأيام إيه إللي إحنا بنقدر نستلم فيها الحرم الإبراهيمي الشريف بالكامل لإنه في عشر أيام.",0.772,12:12:54 AM,12:13:24 AM,biqawi_#38,47,TRUE
60,1,"فقط إحنا نستطيع إيه إنه نصل لكامل إيه ساحات الحرم الإبراهيمي الشريف منها إللي هي عشر جمع رمضان وليلة القدر والمولد النبوي والإسراء والمعراج وأيام العيدين الخاصة في المسلمين من أيام العيد الفطر وأيام عيد الأضحى المباركين، فهاي الشغلات إللي هي بتسوي عائق إنه فتح الحرم الإبراهيمي بالكامل هو بسوي العائق",0.7351,12:13:24 AM,12:13:54 AM,biqawi_#38,44,TRUE
61,1,"إحنا فقط، الآن أنا احطك بصورة الوضع في الحرام الحرام إن في عدة الأقسام.",0.749,12:13:54 AM,12:14:00 AM,biqawi_#38,12,TRUE
62,1,اليوم فقط إحنا بإيدنا كمسلمين مصلى الاسحاقية إللي فيه المنبر والمحراب والغار الشريف و المقامات سيدنا إسحاق وستنا رفقة إيه ومصلى الجولية في داخل الحرم فقط لا غير أما الحضارة الإبراهيمية ومقاوم ستنا سارة وكذلك سيدنا إبراهيم وسيدنا يعقوب وزوجته إيه لائقة ومقام سيدنا يوسف.,0.6664,12:14:01 AM,12:14:32 AM,biqawi_#38,41,TRUE
63,1,"كلها وساحات الحرم الإبراهيمي الكاملة هي بيد الاحتلال الإسرائيلي فبالتالي هذا بيعمل عائق كبير في تقديم  يعني الوجبات والطعام، لكن هناك في البلدة العتيقة كونه الحرم الإبراهيمي الشريف متصل الاتصال المباشر في البلدة القديمة في مدينة الخليل يعني بنشغل على افتراض جماعية بتصل لعشرات الآلاف  وفي بعض الحدائق وبالتعاون مع بلدية الخليل وزارة الأوقاف.",0.7877,12:14:32 AM,12:15:02 AM,biqawi_#38,46,TRUE
64,1,وكذلك مؤسسة تيكا بتركيا اشتغلوا على هذا الموضوع.,0.7919,12:15:03 AM,12:15:08 AM,biqawi_#38,8,TRUE
65,2,إنت بتحكيلي عشرات الآلاف هذا بشكل يومي ويلا في يوم بنعمل؟,0.8524,12:15:09 AM,12:15:13 AM,biqawi_#38,11,TRUE
66,2,لا يعني موضوع الإفطارات الجماعية باليوم كل يوم عم بيكون فيه شيء.,0.7195,12:15:14 AM,12:15:18 AM,biqawi_#38,12,TRUE
67,1,ممكن تكون إيه ليلة القدر أو ليلة معينة بحكم كمان الناس بتحب تتكشف في رمضان وإحنا ممكن كمان كوزارة الأوقاف نشتغل على إشي يعني نسوي إفطار جماعي في محيط البلدة القديمة لكن صعوبة الوصول صعوبة إدخال المواد إنت تصور كمان حتى الناس القاطنين والعايشين في هذه المنطقة بيجدوا صعوبة ما بيستطيعوا يجوا يدخلوا هذه المنطقة في سياراتهم.,0.7342,12:15:20 AM,12:15:53 AM,biqawi_#38,45,TRUE
68,1,"يعني بتقدر تقول كيلو 2 كيلو الناس بتحمل أغراضها على الإيد، فبالتالي هناك صعوبة بتوفير هاي الأجواء الرمضانية الجميلة في محيط البلدة القديمة والعائق طبعا هو الاحتلال وهناك هذا الديموغرافي وتكثيف التواجد للمستوطنين في داخل البلدة القديمة  على حساب الفلسطيني إللي بقدرشي إنه يدخل احتياجاته اليومية إلا بالإيدين بس حامل على ال بالحمل على الأيد",0.7661,12:15:53 AM,12:16:23 AM,biqawi_#38,48,TRUE
69,2,"طب غسان إنت لما بتقوللي متلا بالإفطار الجماعي بيكون في 15,000 واحد هذا رقم إييه خليط يعني بين محتاجين وغير محتاجين إييه غالبيتهم محتاجين غالبيته مش محتاجين بس الناس بتيجي لأسباب سياسية لتلتقي لأسباب إجتماعية مع بعض بس الجو بالأساس خليني أحكيلي عن الجو بهيك إفطار  و15,000 هدول إذا بدنا نصنفهم تفضل.",0.7357,12:16:24 AM,12:16:52 AM,biqawi_#38,45,TRUE
70,1,"12000 في معرض الحديث عن الفجر العظيم الفجر العظيم انشغل عليه إجى 15,000.",0.77,12:16:54 AM,12:17:01 AM,biqawi_#38,11,TRUE
71,2,اه,0.77,12:17:01 AM,12:17:01 AM,biqawi_#38,1,FALSE
72,2,على الإفطار الجماعي.,0.8529,12:17:03 AM,12:17:04 AM,biqawi_#38,3,FALSE
73,1,30 إيه؟,0.7536,12:17:06 AM,12:17:07 AM,biqawi_#38,2,FALSE
74,2,أحيانا,0.7536,12:17:07 AM,12:17:07 AM,biqawi_#38,1,FALSE
75,1,"3000 هي  ساحات ال ال لجنة الإعمار إللي هي في البلدة القديمة كمان في الحديقة الحديقة المتصلة كمان في البلدة القديمة هاي الأماكن كان الناس طبعا هاي  خارج أسوار خارج، الحدود إللي بنقدر نسميها الحواجز الإسرائيلية يعني ما بدنا تفتيش.",0.7536,12:17:08 AM,12:17:30 AM,biqawi_#38,30,TRUE
76,2,إمم إمم.,0.6356,12:17:31 AM,12:17:32 AM,biqawi_#38,2,FALSE
77,2,وهذه بشكل يومي ثابتة.,0.6356,12:17:33 AM,12:17:34 AM,biqawi_#38,4,TRUE
78,1,"لا، مش بشكل يومي.",0.876,12:17:35 AM,12:17:36 AM,biqawi_#38,4,TRUE
79,2,مش بشكل يومي ,0.8227,12:17:38 AM,12:17:38 AM,biqawi_#38,3,FALSE
80,1,بشكل بشكل يومي التكية بتقدم يعني بشكل يومي لكافة محتاجين محافظة الخليل والمدن المجاورة ما يقارب 6000 وجبة يوميا تقدم للمحتاجين.,0.8227,12:17:38 AM,12:17:51 AM,biqawi_#38,18,TRUE
81,2,هذه تكية سيدنا إبراهيم.,0.775,12:17:52 AM,12:17:54 AM,biqawi_#38,4,TRUE
82,1,تكية سيدنا إبراهيم. وهي قريبة أو تكاد متصلة في الحرم الإبراهيمي الشريف.,0.775,12:17:55 AM,12:18:00 AM,biqawi_#38,12,TRUE
83,2,طب اسمع شو أنا بدي أجرب هيك أسأل السؤال بشكل مختلف وأنت تجاوبني بكل مكان بينقال بالخليل ما فش حدا محتاج وما فيش حدا بفطرش وما فيش حدا بيوصل وشو بيلزمهوش وبيحتاج وبرمضان تحديدا هذا الشيء بيزداد. أنا عم بجرب  أروح معك من الحرمل لا فترات الجماعية للتركية.,0.7322,12:18:01 AM,12:18:22 AM,biqawi_#38,43,TRUE
84,2,والتكييف بالأكثر. خليها للآخر بس أنا فهمني كيف وصلنا بالخليل اليوم يعني لحل لمرحلة إنه ما فيها محتاج وهذا الحكي دقيق ولا مش دقيق يعني.,0.822,12:18:23 AM,12:18:33 AM,biqawi_#38,24,TRUE
85,2,"يعني شعارات وأشياء رومانسية. هيك بنحب نحكيها عن بلادنا ولا في إشي. عن جد إنه حالة تكافل اجتماعي، كثير كبيرة موجودة.",0.8004,12:18:34 AM,12:18:42 AM,biqawi_#38,20,TRUE
86,1,يعني هذا الحكي بلا أدنى شك يعني مدينة الخليل منذ القدم إييه في شعار معروف لا يا بات فيها جائع,0.7908,12:18:44 AM,12:18:51 AM,biqawi_#38,19,TRUE
87,1,وا يعني معروف عن أهل مدينة الخليل إنه وتمتاز في تكية سيدنا إبراهيم يعني أي حدا محتاج ممكن يقدر يروح يسد احتياجه في إيه تكية سيدنا إبراهيم لكن بشوف يعني أنا في ناس كتير عنا في الخليل ما بتحب تبين إنه هي فقيرة.,0.7514,12:18:52 AM,12:19:12 AM,biqawi_#38,33,TRUE
88,1,"وهاي هاي الفئة كمان، إحنا ما بنقدر نحصرها لكن بالجملة أهل الكرم وأهل الخير وأهل الزكوات والصدقات في مدينة في مدينة الخليل يعني على حد معرفتي ناس ما شاء الله مشهورة عنهم الكرم والعطاء أو إشي كثير حلو.",0.795,12:19:13 AM,12:19:28 AM,biqawi_#38,33,TRUE
89,1,تمام يعني لكن إحنا يعني ما بنقدر نحصر إنه صدقا صدقا إنه حدا مابتش يعني إللي إللي بيطلب إللي بدق بيوت الناس الخيرة رح الناس يعني تمنح وتعطي.,0.8263,12:19:29 AM,12:19:44 AM,biqawi_#38,20,TRUE
90,1,لكن حدا ممكن ما بحب يبين ممكن عن جد ينام وهو جعان,0.7482,12:19:45 AM,12:19:51 AM,biqawi_#38,11,TRUE
91,2,هلأ هاد إشي بعموم فلسطين هيك أنا بحس إنه يعني حتى أيام يمكن بعرفش  إذا بتتذكر معي أيام الانتفاضة.,0.8044,12:19:53 AM,12:20:02 AM,biqawi_#38,18,TRUE
92,2,كانت الناس قسيت عليها الحياة. وكانوا يقولوا إنه في طوع يعني في مثلا الفلان ال المحتاج يروح يسجل إسمه في المكان الفلاني إنت تطلع ما تلاقيش في طابور حتى يعني ما تلاقيش إنه في ناس راح تسجل كوبونات ولا تسجل إنها محتاجة وتلاقي الأعداد قصيرة بس كان في نمط إللي بحس إنه كل منطقة أو كل حارة الناس بتخبر بعض إنه في عيلة محتاجة هون أو في فلان محتاج هون أو في كذا هون وهيك كانت بتغطي بعض بالخليل من كيف عم تحكي فيه هذا النموذج؟,0.7657,12:20:03 AM,12:20:35 AM,biqawi_#38,62,TRUE
93,2,نفس الفكرة صح؟,0.9,12:20:35 AM,12:20:36 AM,biqawi_#38,3,FALSE
94,1,يعني أنا بدي أحكيلك إحنا الشعب الفلسطيني يمكن بمتاز في النخو يعني الشعب بحب الفزع.,0.5992,12:20:38 AM,12:20:44 AM,biqawi_#38,13,TRUE
95,1,"وشعب دائما يعني قلبه على أبناء شعبه الآخرين، وهادا شفناه، يعني في كثير من ممكن بحكم كمان يعني الانتفاضات والضربات والاحتلال الإسرائيلي والهجمات القوية على الشعب الفلسطيني هو بحاول إنه يتماسك مع بعض الشعب إللي يعني إحنا زي ما حكينا فين دائما دائما قلبه على جاره وقلبه على أخوه في تكافل اجتماعي بطريقة كمان حلوة أنا يعني بعض الشباب.",0.7442,12:20:45 AM,12:21:14 AM,biqawi_#38,45,TRUE
96,1,طبعا أنا قبل ما أجي على الحرام بحكيلي القصة وقال لي إنه يعني الواحد لما كنا نسوي افطارات جماعية في داخل الحرم الإبراهيمي.,0.7454,12:21:15 AM,12:21:23 AM,biqawi_#38,23,TRUE
97,1,"بقلي إنه يعني شايف حدا، يعني هيك لبساته حلوات شوي وجاي.",0.6937,12:21:24 AM,12:21:28 AM,biqawi_#38,10,TRUE
98,1,بقوله إنه يعني أنا أول مرة بجي بدي أفطر افطارات متل هيك.,0.6834,12:21:29 AM,12:21:34 AM,biqawi_#38,12,TRUE
99,1,"فا هذا الرجل يعني قال وأنت خلص يعني أنت صف ما تقعدش مع هدول الناس، أنا ممكن أوفر لك الوجبة بشكل يومي وبشكل إنت لما تكون محتاج الطريقة يعني دائمة، بتعرف أوقات صار كمان حكم غلاء المعيشة في ظروف كمان قاسية  في كمان شغلة إنه ممكن نحكي فيها إللي هو الفقر الطارئ، صار حدا على مستوى العالم في فقر طارئ على بعض الناس في بعض الفئة إللي كانت تشتغل فيه أشياء معينة.",0.7926,12:21:35 AM,12:22:05 AM,biqawi_#38,60,TRUE
100,1,"وآه صار. صارت هذه الظروف القاسية يعني فبالتالي يعني الخير مش رح ينتهي في كل العالم بلا أدنى شك، لكن إحنا دايما فخورين في الأشياء إللي إحنا طبعا تاريخيا إيه متميزين في إنت بتحكي عنها في سيدنا إبراهيم والعطاء منذ آلاف السنين.",0.7312,12:22:05 AM,12:22:24 AM,biqawi_#38,37,TRUE
101,2,"طب بدي أسألك سؤال ال ال في خصوصية بالخليل بتميزها عن بقية مدن الضفة العائلات وإللي دائما بالعادة يعني هيك بتصدر بشكل سلبي لإنه في سلاح وطوش و مشاكل وهيك بس في كمان جانب إيجابي كبير منه إللي ما بينحكى عنه، بس بدي أفحصه أنا وياك إيه إيه قديه الإشي بفكرة إنه ترابط الناس كعيلة واحدة بيخفض من فكرة، إي حاجة الناس أو بيغطي احتياجاتها لبعض.",0.7766,12:22:26 AM,12:22:56 AM,biqawi_#38,59,TRUE
102,2,"يعني ايه وخلينا نحكي على شيء عيني هيك دار الرجبي إي بعرفش إذا بترتاح تحكي عن موضوع أو لا بس دار فيهم حدا محتاج يعني القصد مش على مستوى ترابط الناس على مستوى علاقاتها، نحن لما بينحكى دار الرجبي في عيلة متماسكة وعارفة بعض وعارفين الناس بينهم وبين بعض بيوقفوا مع بعض، فبالتالي فرصة إنه يكون في حدا محتاج كثير قليلة ولا يعني هذا الترابط يعني ما بيغطي هذا المستوى من الاحتياجات.",0.7469,12:22:56 AM,12:23:24 AM,biqawi_#38,57,TRUE
103,1,"إيه الفكرة إنه مجالس العائلات الموجودة في مدينة الخليل ال مدينة الخليل بيحكمها عائلاتها العائلات الموجودة في مدينة الخليل إلها مجالس، وأنا بعرفك كتير من مجالس العائلات صور صندوق خاص صندوق خاص لتوزيع الوجبات، الطعام على المحتاجين وكذلك سد احتياجات الفقراء وكذلك الطالب الفقير، صندوق خاص للطالب الفقير.",0.7867,12:23:26 AM,12:23:55 AM,biqawi_#38,34,TRUE
104,1,بياخذوا من أغنياء العائلة.,0.6735,12:23:55 AM,12:23:58 AM,biqawi_#38,4,TRUE
105,1,"بس إحنا في كان عنا ملحوظة بهذا الخصوص وهذا كمان بمتاز في معظم عائلات مدينة الخليل ومن ضمنهم كمان عائلة ال الرجبي إللي بتسوي طرود غذائية وبتعطي أبناء العائلة وبتعطي أبناء إيه آخرين يعني احنا إيه  العائلات الكبيرة ممكن تجد فيها سد احتياجاتها، لكن العائلات الصغيرة كيف ممكن توفر هذه الاحتجاجات فبالتالي نحن ما بدنا نترك الموضوع فقط للعائلات، هناك عائلات صغيرة وهناك عائلات.",0.7567,12:23:58 AM,12:24:28 AM,biqawi_#38,56,TRUE
106,1,إيه بسيطة يجب سد التكافل الاجتماعي يكون على مستوى إيه أكبر من هيك على مستوى المدينة إيه أو على مستوى أكبر كمان من المدينة لإنه دائما معروف كمان مدينة الخليل بتفزع كمان للدول والمدن القريبة منها فلما صارت أول إشكالية إللي هي في موضوع الكورونا وكانت في بيت لحم إيه كانت مدينة الخليل سباقة لمدينة بيت لحم كمان لما كان الاحتلال الإسرائيلي يقصف مدينة.,0.7526,12:24:28 AM,12:24:59 AM,biqawi_#38,46,TRUE
107,1,"مدينة غزة كانت الخليل كمان سباقة لمدينة غزة بالعطاء، وهذا طبعا مش من نية منا لأ هذا واجب علينا كواجب أخوي وإنساني وعائلي و وفلسطينيو استلامي في واجبات كبيرة علينا تجاه يعني بعضنا البعض بهذا الخصوص.",0.7329,12:24:59 AM,12:25:18 AM,biqawi_#38,34,TRUE
108,2,"اوكي طب الصندوق إللي إنت بتحكي عنه هذا، إي مع السنين هاي إللي هي شكل البني آدمين تغير شكلها. الروابط العائلية تغيرت اليوم الواحد سائل بحاله أكثر من ما هو سائل بعيلته وأسرته. وأكيد بالعائلات الخليل كمان تأثرت الصناديق هذه ما زالت قائمة ما زالت قوية ما زالت الناس بتعطي فيها ولا تراجعت كمان أو خفت أو خف يعني العطاء لهذه الصناديق.",0.8075,12:25:19 AM,12:25:46 AM,biqawi_#38,53,TRUE
109,1,"إي أنا يعني بحكي على نموذج ثانوي ومن ضمنه كمان السنة هاي، أنا بعرف كتير ناس من العائلات بتشتغل في هذا الموضوع، وكتير كمان من عائلات المدينة طرح علي يقلي كمان إذا بتعرف أي حدا حكم مكانك ومنصبك إنه تدلنا على عائلة فقيرة، إحنا كمان كأبناء عائلة مش بس بدنا نسد احتياجات العائلة، بدنا نسد كمان احتياجات أبناء مدينتنا، فإذا بتعرف أي حد كمان وهذا يعني.",0.7289,12:25:48 AM,12:26:17 AM,biqawi_#38,52,TRUE
110,1,"يعني إشي كثير منفتخر فيه ومنحكي فيه، ودائما رافعين رأسنا فيه.",0.6507,12:26:17 AM,12:26:23 AM,biqawi_#38,11,TRUE
111,2,"طيب عظيم أبو كنان، غسان أحكي لنا عن قصة التكية. عاد هسا أنا فهمني كيف التكية هذه إللي هي شغالة من 1,000,000 سنة ما زالت شغالة زي ما هي وكيف إنت بتقول لي واصلين لمحل اليوم إنه هي بتغطي 6000 وجبة برمضان عم تحكي لي؟",0.761,12:26:24 AM,12:26:39 AM,biqawi_#38,41,TRUE
112,1,بشكل يومي 6000 واجب.,0.7587,12:26:40 AM,12:26:41 AM,biqawi_#38,4,TRUE
113,2,بشكل يومي 6000 وجبة  بتغطي كيف احنا أحكيلنا عن التكية و بالخليل الله يرضى عليك لإنه هذه آخر آخر فقرة عاد هلأ في,0.7587,12:26:42 AM,12:26:53 AM,biqawi_#38,22,TRUE
114,1,بالخليلي بس عشان,0.5035,12:26:54 AM,12:26:55 AM,biqawi_#38,3,FALSE
115,2,مش زابطة معك إنت؟,0.5035,12:26:55 AM,12:26:57 AM,biqawi_#38,4,TRUE
116,2,لا مش زابطة لأنه الكاميرا شغالة لو إنها مش شغالة واحنا قبل ما نسجل كان الخليلي وما شاء الله حكيت حتى في البداية أعطيك الملاحظة هاي إنه ما بدي فصحى هاهاها,0.6412,12:26:58 AM,12:27:08 AM,biqawi_#38,28,TRUE
117,1,"طيب، أنا سافرت كتير",0.6412,12:27:09 AM,12:27:10 AM,biqawi_#38,4,TRUE
118,2,بس أنسى الكاميرا أنسى الكاميرا غسان إنت عم تحكي مع أحمد.,0.6412,12:27:10 AM,12:27:13 AM,biqawi_#38,9,TRUE
119,1,أنا بدي أحكي قصة وبعدين شو يعني؟ الكل رح يعرف إني أنا بحب إني أنا خليلي,0.6412,12:27:13 AM,12:27:18 AM,biqawi_#38,13,TRUE
120,2,بدي الدليل,0.6412,12:27:18 AM,12:27:19 AM,biqawi_#38,2,FALSE
121,1,كل الدول إللي أنا سفرتها على طول الأطول إني أنا خليل طبيعي إنه أنا أحكي في الخليل لكن قصة إني أنا أحكي على الكاميرا بطريقة الخليل مش بأيدي يعني.,0.6064,12:27:21 AM,12:27:29 AM,biqawi_#38,22,TRUE
122,1,"اييه، التكية إييه احنا كلمتها شوربة بتحكي إلا التكية أو الشوربة أو الصماط إلها أسماء كثيرة يعني وهذه هذا الاسم يعني عتقة هي كلمة خليلية كمان كلمة عتقة يعني قديم.",0.5511,12:27:32 AM,12:27:50 AM,biqawi_#38,24,TRUE
123,2,أوكي.,0.7951,12:27:52 AM,12:27:53 AM,biqawi_#38,1,FALSE
124,1,"يا سيدي ايه التكية في شهر رمضان المبارك يعني غير إشي اتصل موازنتنا ما يقارب ايي 1,000,000 دولار",0.6144,12:27:55 AM,12:28:06 AM,biqawi_#38,18,TRUE
125,1,بجزء كبير منها بتغطي احتياجات الفقراء والمساكين على مستوى المحافظة والمدن القريبة. أي محتاج بيجي صباحا بيجيبه الوعاء معي و هذا الوعاء بيعبيه في الغذاء واحتياجه لست ما يقارب 6000 إيه محتاج قصة التكية إحنا دايما بنحكيها بطريقة إنه سيدنا إبراهيم عليه السلام يعني وأنا بيوم عن ضيفي إبراهيم القرآن الكريم.,0.7412,12:28:07 AM,12:28:35 AM,biqawi_#38,48,TRUE
126,1,فن سيدنا إبراهيم كان معروف عنه في الكرم.,0.7967,12:28:36 AM,12:28:39 AM,biqawi_#38,8,TRUE
127,1,لما يعني جاء على مدينة الخليل وكانا يضيف ومعروف عنه إنه كمان ما كانش ياكل إلا مع حد يعني يضلوا يستنى حدا عبين ما يلاقي حدا بياكل معا.,0.7772,12:28:39 AM,12:28:52 AM,biqawi_#38,25,TRUE
128,1,إيه هاي الشغلة كانت فكرة كمان مأخوذة من التكية في العهد الأول الإسلامي إيه كان مجموعة من الجيوش الكبيرة بتدخل لهاي المدينة وكان إيه في توافد وضيوف.,0.7486,12:28:54 AM,12:29:08 AM,biqawi_#38,23,TRUE
129,1,جزء منه الجيش جيش رباط وائل الرباط في داخل المدينة وجزء كمان لفقراء المدينة استثمر في العهد الأيوبي و العهد الفاطمي و العهد العثماني وكافة ال العصور الإسلامية.,0.7969,12:29:10 AM,12:29:27 AM,biqawi_#38,23,TRUE
130,1,"إيه إلى عهدنا اليوم من اليوم يعني التكية بتمتاز بعطائها وهي القريبة من الحرم الإبراهيمي الشريف،",0.6668,12:29:27 AM,12:29:34 AM,biqawi_#38,14,TRUE
131,1,"يعني التكية كان تغير مكانها أكثر من مرة لكن إيه هي لليوم هي بعيدة فقط  بضع أمتار يعني تقول 3، 4 م عن الحرم الابراهيمي الشريف",0.7379,12:29:35 AM,12:29:48 AM,biqawi_#38,24,TRUE
132,1,زود كل حدا محتاج بدق بابها رح يلاقي توزع خبز بتوزع طعام بتوزع كل احتياجات الفقراء إللي ممكن يعني تقدر تسد ضربها,0.6988,12:29:49 AM,12:30:04 AM,biqawi_#38,20,TRUE
133,1,وزي ما ذكرنا قلنا مدينة الخليل الشعار إنه لا يبيت فيها جائع. كان بفضل التكية وبفضل كمان الناس الموجودين في مدينة الخليل والأغنياء إللي بخصص وكل يوم بتنافس والتخصيص يوم إنه هو اللي يطبخ الطبخات إللي بتقدمها.,0.7663,12:30:04 AM,12:30:26 AM,biqawi_#38,32,TRUE
134,1,طبخات زاكي يعني من ضمنها مثلا إييه,0.7162,12:30:27 AM,12:30:30 AM,biqawi_#38,7,TRUE
135,1,"الفاصوليا باللحمة وأحيانا بتقدم بالجاج،",0.7464,12:30:30 AM,12:30:36 AM,biqawi_#38,5,TRUE
136,1,واا يعني في طبخات كتيرة متنوعة في داخل التكية وطعمها لذيذ الأيام العادية تسووا شيء بتسمى شوربة وهذا إشي زاكي كتير يعني أو بتقدر تحط عليه ملح وإشي بتقدر تحط على سكر بس أنا طبعا باكولها في السكر لذيذة جدا وإللي بياكلها مرة.,0.6534,12:30:36 AM,12:30:58 AM,biqawi_#38,38,TRUE
137,2,كيف يعني شو  الشوربة هاي اللي بتحط عليها ملح أو سكّر,0.6534,12:30:58 AM,12:31:00 AM,biqawi_#38,11,TRUE
138,2,شوربة شوربة.,0.5751,12:31:01 AM,12:31:02 AM,biqawi_#38,2,FALSE
139,1,هي الشوربة جريشة مع مي,0.5751,12:31:03 AM,12:31:06 AM,biqawi_#38,5,TRUE
140,2,أوكي تمام.,0.5751,12:31:06 AM,12:31:07 AM,biqawi_#38,2,FALSE
141,1,وغليها.,0.5751,12:31:07 AM,12:31:08 AM,biqawi_#38,1,FALSE
142,1,"بس يعني بتأكلها بأي مكان إذا أكلتها في مدينة الخليل بتلاقي طعمها أكيد حنا دايما كان في عنا،",0.7531,12:31:08 AM,12:31:16 AM,biqawi_#38,17,TRUE
143,1,يعني كلمة مشهورة بيقولوا إنه ستنا سارة هي إللي بتحركها. طبعا هاي من الأشياء من الأشياء العتقية.,0.7173,12:31:16 AM,12:31:24 AM,biqawi_#38,15,TRUE
144,1,تمام. لكن هي الحق إنها طعمها لذيذ جدا وخاصة مع السكر وأنا باكلها في السكر بيكون لها بتسابق عليها الأغنياء والفقراء بهاي الشوربة وإللي بياكلها مرة بيضلوا مشتاق لنا. يعني لو قديش بتقدمله مستعد إنه يكون كتير مبسوط.,0.6932,12:31:24 AM,12:31:43 AM,biqawi_#38,37,TRUE
145,1,أجمل هدية.,0.5819,12:31:44 AM,12:31:45 AM,biqawi_#38,2,FALSE
146,1,حدا بيجي أو زائر لمدينة الخليل ممكن إنه يعني تضلها عالقة بذهنه. هي موضوع الشوربة إذا شرب الشوربة خلص إحنا بنعطيه الجنسية الخليلية.,0.7095,12:31:46 AM,12:31:56 AM,biqawi_#38,22,TRUE
147,2,هاهاها خلص هي على أول زيارة بضل كابس عليك وجاييك وأنت بتاخدني بدي أخد صحنين. أنا واحد للتجنيس واحد للتأكيد على التجنيس.,0.7211,12:31:56 AM,12:32:08 AM,biqawi_#38,20,TRUE
148,1,خلاص على طول على طول برضه دايركت بنعطيك الجنسية,0.7211,12:32:09 AM,12:32:12 AM,biqawi_#38,7,TRUE
149,2,يخليلي إياك يسعدك. طب غسان بس كلي على قضية الأغنياء إللي إنت بتحكي لي عنها. القصد إنه التكية بتطلع 6000 وجبة باليوم والقائمين عليها بشكل أساسي. أهالي الخليل هيك عم تحكيلي؟,0.8271,12:32:13 AM,12:32:26 AM,biqawi_#38,31,TRUE
150,1,أي هي من يد الخيريين في مدينة الخليل طبعا ايي الكادر الوظيفي الموجود فيها وكمان تخصيص مبالغ إضافية طبعا على عاتق وزارة الأوقاف والشؤون الدينية.,0.7634,12:32:27 AM,12:32:41 AM,biqawi_#38,24,TRUE
151,2,يعني الفلوس التشغيلية لإلها الفلوس التشغيلية الأساسية بتغطيتها الأوقاف الموظفين والطبخ بس المواد والوجبات باليوم يوم.,0.7502,12:32:42 AM,12:32:53 AM,biqawi_#38,14,TRUE
152,2,وجزء من الطعام,0.6169,12:32:54 AM,12:32:56 AM,biqawi_#38,3,FALSE
153,1,أي إشي بينقص طبعا وزارة الأوقاف بتغطي,0.6169,12:32:56 AM,12:33:01 AM,biqawi_#38,7,TRUE
154,1,لكن الخيرين ما شاء الله بأنه بتنافسو بطريقة حلوة وكمان لتقديم الوجبات الفقراء.,0.7034,12:33:02 AM,12:33:08 AM,biqawi_#38,13,TRUE
155,2,"طب  بدي أنهي أنا هاد الحلقة بقصة طريفة، أنا إللي سمعته في مزايدة حتى بين الناس ببعضها، هو مش سباق هي بتزايد على بعض، ففي إشكالات بتصير طريفة هيك بتضحك يعني بين الناس كيف تتسابق على. على إنه أنا بدي ادفع هون وإنت بدك تدفع هون ولا كذا إيه في إشي زي هيك، ولا ما في إشي زي هيك؟",0.7439,12:33:10 AM,12:33:30 AM,biqawi_#38,47,TRUE
156,1,"الحقيقة إن يعني شفت إشي زي هيك، وهذا شيء جميل إنه الناس.",0.7439,12:33:31 AM,12:33:35 AM,biqawi_#38,12,TRUE
157,2,طب هات ضحكنا. فرح قلوبنا وضحكنا.,0.7439,12:33:36 AM,12:33:39 AM,biqawi_#38,6,TRUE
158,1,"إي كتير كتير في مدينة الخليل بيجي بيتنافس أنو بد ياخد مثلا أول يوم في رمضان،",0.6618,12:33:40 AM,12:33:47 AM,biqawi_#38,14,TRUE
159,1,"أو أنه بدو ياخد أيام الجمعة إنه يقدم للفقير في أيام الجمعة يعني هاي هاي الشغلات إنه أنا حطني أول يوم وبعطيك بالزيادة يعني بدو يكون هذا الاشي على إسمي، وبالمناسبة كثير من الشغلات إنه ما بينحكى أسم الفاعل الخير، خلص إنه أنا فاعل خير وبدي أحط هاد الفلوس بدون ذكر معظم الناس ما بتذكر والرسم",0.7267,12:33:47 AM,12:34:10 AM,biqawi_#38,45,TRUE
160,1,وهذا إشي جميل بفرحنا وبفرح كل الناس.,0.538,12:34:11 AM,12:34:14 AM,biqawi_#38,7,TRUE
161,2,والناس بتزعل من بعض إذا حدا فعليا أخد يومية حدا تاني بتسكر مع الناس ولا بيسوحوا بعض برمضان.هاهاها,0.6614,12:34:15 AM,12:34:22 AM,biqawi_#38,16,TRUE
162,1,احنا هذا الموضوع عنا في الخليل مش سهل يعني.,0.6614,12:34:22 AM,12:34:25 AM,biqawi_#38,9,TRUE
163,2,شو بتساووا بالخليل. هاهاها,0.8115,12:34:26 AM,12:34:30 AM,biqawi_#38,4,TRUE
164,2,هاهاها طلعلي كل غسيلاتك احكيلي عنها إذا إنت رحت فعليا بدك تاخد ثاني يوم أو ثالث يوم وفي حدا ثاني أخدو منك كيف بدك تكبس معك؟,0.7375,12:34:30 AM,12:34:41 AM,biqawi_#38,23,TRUE
165,1,يعني اشي ممكن تصير مشكلة يعني؟,0.7375,12:34:41 AM,12:34:45 AM,biqawi_#38,6,TRUE
166,2,هاهاها,0.7375,12:34:45 AM,12:34:47 AM,biqawi_#38,1,FALSE
167,1,يعني أنا مش قادر أحكي.,0.7375,12:34:48 AM,12:34:49 AM,biqawi_#38,5,TRUE
168,2,مش قادر هاي راح تنحسب عليك هاهاها,0.714,12:34:51 AM,12:34:54 AM,biqawi_#38,7,TRUE
169,1,يعني إحنا في الخليل لأولى ممكن نطخ على بعض على هذا الموضوع.,0.7171,12:34:56 AM,12:34:59 AM,biqawi_#38,11,TRUE
170,2,"يخليك أبو كنان آخر شيء أنا بالعادة بسأل سؤال بالعادة إنت فتحت نفسنا على البدري بموضوع التكية وهيك، بس بديش أسألك اليوم على بيتك، بدي أقول لك شو أزكى وجبة بتعملها التكية إنت من يوم ما خلقت وأنت بتعرفها أزكى وجبة أكلتها فيها؟",0.6657,12:35:02 AM,12:35:18 AM,biqawi_#38,37,TRUE
171,1,"إمم أزكى إشي ممكن حدا يدوقه في التكية كل إشي بس أنا صدقا بحب الشوربة، يعني الشوربة إذا أنا بتلاقيني خاصة بعد صلاة الفجر إذا أنا أخذت الشوربة بعد صلاة الفجر بروح عالبيت، الأولاد بكونوا بيستنوني فبقولولي بقولهم يلا وبتنافسوا ما بنخلص ما بنخلص إلا لما نخلص الواحد.",0.6257,12:35:21 AM,12:35:43 AM,biqawi_#38,38,TRUE
172,2,طيب التكية بيعملوا مقلوبة أو لا؟,0.6537,12:35:45 AM,12:35:47 AM,biqawi_#38,6,TRUE
173,1,مقلوبة لا,0.4916,12:35:48 AM,12:35:49 AM,biqawi_#38,2,FALSE
174,1,لإنه صعب.,0.6118,12:35:50 AM,12:35:51 AM,biqawi_#38,2,FALSE
175,1,دست التكية يعني دست كبير يعني بنحط فيه خمس رجال؟,0.7155,12:35:53 AM,12:35:58 AM,biqawi_#38,8,TRUE
176,1,مليانين.,0.3771,12:35:58 AM,12:36:00 AM,biqawi_#38,1,FALSE
177,1,إيه يعني تحريكه كمان في إشكالية بحاول إنه كمان إنه تحريك يكون بالتناوب يعني قصة مش.سهل.,0.7238,12:36:02 AM,12:36:11 AM,biqawi_#38,13,TRUE
178,2,أنا,0.7238,12:36:11 AM,12:36:11 AM,biqawi_#38,1,FALSE
179,2,"بديش أكبرها براسكم، أنا بديش أكبرها براسكم بس بظن إنت يعني عشان حكيت إنه مش رح يقدروا يعملوها، ممكن نسمع عن قريب التكية عاملة أكبر مقلوبة بالخليل يعني. جكر في إللي إنت قلته هللأ قبل شوي، يعني بس إنه مش سهل، لا راح تصير سهلة هسا.",0.7188,12:36:12 AM,12:36:31 AM,biqawi_#38,39,TRUE
180,1, ممكن نشتغل على هذا الشغل,0.7639,12:36:32 AM,12:36:35 AM,biqawi_#38,5,TRUE
181,2,"أبو كنان. شكرا جزيلا لإلك على هذا الحوار ويعطيك ألف عافية. وربنا يديم الخير علينا احنا بالعادة يعني ايه الخير في بلادنا من واحنا وصغار بنعرف حرفيا الشيء إللي قلت لك عنه إنه في بيت في المكان الفلاني الناس بتكون تخبر بعض إنه إيه وبتوصل خبر، الناس المحتاجة للخيرين وفي إشي تاني كمان أنا كثير بحبه كثير بقدره قضية عزة نفس الناس.",0.7793,12:36:36 AM,12:37:01 AM,biqawi_#38,56,TRUE
182,2,"إييه وخير الناس إللي بيسبق دايما وما بيخلي الناس تحتاج إنه تروح تعبرعن حاجتها بالخير، يعني دايما ال كل حدا شو بيحتاج أو بأغلب الناس كيف بنعرف يعني كيف. شو بيحتاج بوصلها لباب بيتها وما بتضطر تطلب حتى. ربنا يديم الخير علينا وعليكم. وكل عام وأنت بألف خير، كل سنة وأنت سالم.",0.8158,12:37:02 AM,12:37:19 AM,biqawi_#38,43,TRUE
