﻿ID,speakerId,text,confidence,start,end,PodcastID,UniqeWordsNum,NeedTagging
1,1,"فلم نكسرت صورة الجندي أمام الولد بطلت تفرق مع لا أبوه ولا مديره ولا شيخ الجامع ولا القسم الكنيسة ولا حدا بطل شايف حدا أول مرة ثاني مرة ثالث مرة وقف على الحيط, رابع مرة الجندي بيقلو وقف على الحيط بيأكل قتلة",0.7641,12:00:00 AM,12:00:13 AM,biqawi_#9,32,TRUE
2,1,"طبعا بيعرف الشاب إنه ممكن يجوا كمان عشرة ويدبكوا فوقية، هذا حصل مع أولادي يعني أنا بحكيلك تجربة كيف هذا الجيل صار هيك يعني فأنا صرت أستشير ابني بأدب.",0.7739,12:00:15 AM,12:00:26 AM,biqawi_#9,27,TRUE
3,1,انه شو رأيك تروح؟,0.9085,12:00:27 AM,12:00:28 AM,biqawi_#9,4,TRUE
4,1,يعني كمان شوي را بيجاوبكش يعني إمم يعني إذا أعطاك هادي إنه بحترم رأيك إنك حكيت.,0.7283,12:00:29 AM,12:00:37 AM,biqawi_#9,14,TRUE
5,1,ولا لو الحكي بحبحه بين أب وابنه كان بده يقول لي هديك الكلمة يعني.,0.7682,12:00:38 AM,12:00:43 AM,biqawi_#9,14,TRUE
6,2,أب بيسان مرحبا.,0.6584,12:00:55 AM,12:00:56 AM,biqawi_#9,3,FALSE
7,1,الله يسعد مساك. حبيبنا,0.7555,12:00:57 AM,12:00:58 AM,biqawi_#9,4,TRUE
8,1,ابو بيسان.,1,12:00:58 AM,12:00:59 AM,biqawi_#9,2,FALSE
9,2,كيف حالك؟ أبو بيسان أب بيسان لا,0.7555,12:00:59 AM,12:01:02 AM,biqawi_#9,6,TRUE
10,1,أيه؟,0.6546,12:01:03 AM,12:01:03 AM,biqawi_#9,1,FALSE
11,2,أبو بيسان مش أب بيسان.,0.6546,12:01:04 AM,12:01:06 AM,biqawi_#9,5,TRUE
12,1, نعم أبو بيسان هاها,0.6546,12:01:06 AM,12:01:07 AM,biqawi_#9,4,TRUE
13,2,آه ليش هاي أصريت عليها على البدري؟,0.6546,12:01:08 AM,12:01:10 AM,biqawi_#9,7,TRUE
14,1,أني؟ لا سمعت بتقول بيسان,0.7032,12:01:11 AM,12:01:14 AM,biqawi_#9,5,TRUE
15,2,لا بقول اب بيسان آه بس هي طلعت هيك.,0.7032,12:01:14 AM,12:01:17 AM,biqawi_#9,9,TRUE
16,1,الله يسعد مساك حبيب قلبي مقبولة منك,0.7032,12:01:17 AM,12:01:20 AM,biqawi_#9,7,TRUE
17,2,يخليلي إياك يا رب. كيف الأمور عندكم؟,0.7032,12:01:20 AM,12:01:23 AM,biqawi_#9,7,TRUE
18,1,والله إحنا بخير طمنونا عليكم إحنا دايما بخير وإذا حدا ناقصه شيء عندكم إحنا من عنينا والله.,0.7032,12:01:24 AM,12:01:29 AM,biqawi_#9,14,TRUE
19,2,"هسا إحنا اليوم بالحلقة هاي بشكل استثنائي هي فعليا يعني البرنامج بياخذ سياق تاني بس اليوم معك رح نبني حلقة مختلفة تماما لإنه في حلقة بدها تتناسب مع ال الوضع إللي في ال في القدس في الشيخ جراح وفي الأقصى، والوضع اليوم موجود في غزة كمان و وموعد نشر الحلقة في العيد بدنا نأخذ بعين الاعتبار، كل سنة وأنتم سالمين وشعبنا بخير وراسه عالي دايما.",0.8072,12:01:29 AM,12:01:53 AM,biqawi_#9,56,TRUE
20,1,كل عام وأنتم بألف خير وصحة وسلامة وفرح وهدات بال لقلوبكم جميعا من قلب القدس من قلب البلدة القديمة 20 م فقط عن المسجد الأقصى المبارك من قلب منزلي يعني.,0.8432,12:01:55 AM,12:02:06 AM,biqawi_#9,26,TRUE
21,2,يخليك يا رب وينعاد علينا وعليكم إن شاء الله بالصحة والعافية والرأس العالي أنا أول سؤال بسأله بالعادة إنت كيف بتعرف حالك هاي ننمرقها سريعا وكيف بت بتحبش الناس تعرفك؟,0.7708,12:02:08 AM,12:02:20 AM,biqawi_#9,30,TRUE
22,1,كثير ناس بيقولولي أستاذ كثير ناس بيقولولي سيد كثير ناس بيقولوا أنا بحب حكوات القدس الفنان حسام أبو عيش,0.8522,12:02:22 AM,12:02:30 AM,biqawi_#9,14,TRUE
23,2,والي بتحبوش الأستاذ؟ ,0.7411,12:02:31 AM,12:02:35 AM,biqawi_#9,3,FALSE
24,1,يعني بمشيها مرات بس بحس كلمة أستاذ بتروح بتودينا على الصف والأستاذ على زماني غير الأستاذ عن زمان اليوم.,0.7411,12:02:35 AM,12:02:43 AM,biqawi_#9,18,TRUE
25,1,أستاذ عزماني يعني اليوم أنا بشوفني أستاذي حقيقة يعني.,0.8279,12:02:44 AM,12:02:49 AM,biqawi_#9,9,TRUE
26,1,بوقف بيقول لي رفعت رأسنا بقوله نقطة وسطر جديد بيقول لي رفعت رأسنا يا أستاذ.,0.773,12:02:50 AM,12:02:54 AM,biqawi_#9,11,TRUE
27,1,آه.,0.7317,12:02:55 AM,12:02:56 AM,biqawi_#9,1,FALSE
28,2,هاهاها.,0.7317,12:02:56 AM,12:02:56 AM,biqawi_#9,1,FALSE
29,1,"إللي صارت قبل أسبوعين أحد أساتذتي اليوم على حدود الثمانين من العمر، والله يا أستاذ حسام رفعت رأسنا معه ابنه ماشي قلتله ستوب طب شايف ال100,000 إللي بالحرم كلهم بيقولولي يا أستاذ إللي إنت إنت أستاذي وما أنا عليه اليوم إنت جزء من الفضل فيه علي فهد بك ابنه قله هذا ابني الثاني كان عندي بالمدرسة.",0.7317,12:02:56 AM,12:03:16 AM,biqawi_#9,47,TRUE
30,1,فبحس كلمة أستاذ كثير كبيرة وباليابان بتعرف طالب إي بغير اسم والده على اسم أستاذه أنا صديقه اسمه فراس أيامها في اليابان.,0.6677,12:03:17 AM,12:03:26 AM,biqawi_#9,21,TRUE
31,2,أوه.,0.2542,12:03:27 AM,12:03:28 AM,biqawi_#9,1,FALSE
32,1,بصير استاذ جود فاثير,1,12:03:28 AM,12:03:30 AM,biqawi_#9,4,TRUE
33,1,"بعد ما يتخرج، وهذه حقيقة.",0.8713,12:03:30 AM,12:03:32 AM,biqawi_#9,5,TRUE
34,2,"طب اب أبو بيسان كمان سؤال، إنت إنت في القدس ايه مسيرتك حياتك نشأتك في القدس ولا كانت في مكان ثاني؟",0.6697,12:03:34 AM,12:03:43 AM,biqawi_#9,17,TRUE
35,1,كلها في القدس,0.9003,12:03:43 AM,12:03:44 AM,biqawi_#9,3,FALSE
36,2,كلها في القدس.,0.8263,12:03:45 AM,12:03:46 AM,biqawi_#9,3,FALSE
37,1,نعم يعني يعني نولدت في البيت إللي أنا موجود فيه حاليا بعرفش بأني قرنة يعني في الغرفة هاي إللي إحنا كنا فيها إحدى عشر شخص.,0.8263,12:03:46 AM,12:03:54 AM,biqawi_#9,21,TRUE
38,1,يعني أب وأم وتسعة بين أولاد وبنات يعني ولدت هون وناوي أميت هون إذا الله كتب لي يعني أموت.,0.685,12:03:55 AM,12:04:02 AM,biqawi_#9,16,TRUE
39,2,"العمر كله, بيتكم بأنو حي في القدس؟",0.685,12:04:02 AM,12:04:04 AM,biqawi_#9,7,TRUE
40,1,حارة السعدية يا سيدي.,0.685,12:04:05 AM,12:04:06 AM,biqawi_#9,4,TRUE
41,2,حارة السعدية. قديه بعيدة أو قريبة عن عن حي الشيخ جراح بما إنه الكل هلق بيعرفوا بيحكي عنه؟,0.7599,12:04:07 AM,12:04:12 AM,biqawi_#9,17,TRUE
42,1,يعني أنا تلات دقايق عن باب الساهرة وعشر دقايق عن الشيخ جراح تفصلنا عن الشيخ جراح 13 دقيقة وتلاتة بالعكس على المسجد الأقصى.,0.7599,12:04:12 AM,12:04:20 AM,biqawi_#9,18,TRUE
43,2,والواقع إللي موجودة فيه منطقتك وأرضك نفس الواقع إللي بتعيشه بيعيشه الشيخ جراح؟,0.7599,12:04:21 AM,12:04:27 AM,biqawi_#9,12,TRUE
44,1,يعني نعم صحيح.,0.9281,12:04:28 AM,12:04:29 AM,biqawi_#9,3,FALSE
45,1,يعني أنا في حوالي هون مثلا بناية.,0.8715,12:04:29 AM,12:04:33 AM,biqawi_#9,7,TRUE
46,1,آه من عام ونص تقريبا تم السيطرة عليها فيها 28 غرفة.,0.8823,12:04:34 AM,12:04:39 AM,biqawi_#9,11,TRUE
47,1,بناية كاملة تلات طوابق يعني 28 غرفة.,0.853,12:04:40 AM,12:04:43 AM,biqawi_#9,7,TRUE
48,1,وأنا اليوم بسمع الزمور ليلة السبت من هون.,0.8035,12:04:44 AM,12:04:47 AM,biqawi_#9,8,TRUE
49,2,اه,0.8011,12:04:49 AM,12:04:50 AM,biqawi_#9,1,FALSE
50,2,الله المستعان الله يكون في عندكم أبو بيسان في سؤال يعني هو دائما كان موجود على مدار السنين الأخيرة بشكل أساسي الشخصية المقدسية وتحديدا الشباب المقادسة يعني بما إنه إنت عاشرت أجيال في القدس ونشأتك كلها في القدس فانت أفضل حدا ممكن يوصفلنا يمكن التغيرات إللي صارت و وكيف وصلنا لمحل إنه الشاب المقدسي إللي إللي إللي مسكرة معاه إللي مشكلته مع الاحتلال مش مشكلة عامة كمان مشكلة شخصية موجودة.,0.8011,12:04:50 AM,12:05:19 AM,biqawi_#9,58,TRUE
51,2,"إللي وصلنا للهبة الأخير أو الأيام الأخيرة هذا إللي بنعيشها وإللي ما انتهت لليوم، إي على التيكتوك وعلى وسائل التواصل الاجتماعي بطل يحط الثام حتى بطل يخفي هويته يعني في شخصية الجكر إللي إللي قاعدة بتطلع مش مش مثل الشخصيات إللي موجودة في الضفة أو ال48 بشكل أساسي وبالتأكيد مختلفة عن عن الواقع إللي موجودة بغزة، إي من وين اجت التناحة إللي عند المقدسي؟",0.7588,12:05:20 AM,12:05:46 AM,biqawi_#9,51,TRUE
52,1,شوف.,0.9145,12:05:47 AM,12:05:48 AM,biqawi_#9,1,FALSE
53,1,إيه.,0.6944,12:05:49 AM,12:05:49 AM,biqawi_#9,1,FALSE
54,1,الانتفاضة الأولى.,0.8888,12:05:52 AM,12:05:53 AM,biqawi_#9,2,FALSE
55,1,إللي أنولد في السبع في الثمانينات في السبعة وثمانين يعني اليوم عمره 25 عام.,0.8233,12:05:55 AM,12:06:00 AM,biqawi_#9,12,TRUE
56,1,وإللي إنتولد بالانتفاضة الثانية سنة ال90 اليوم عنده عمره 21 عام.,0.765,12:06:01 AM,12:06:05 AM,biqawi_#9,11,TRUE
57,1,هدول الجيلين طلعوا.,0.7335,12:06:06 AM,12:06:08 AM,biqawi_#9,3,FALSE
58,1,إنولد إنولد من بطن أمه في المستشفى شاف الجندي في الغرفة,0.8452,12:06:09 AM,12:06:13 AM,biqawi_#9,9,TRUE
59,1,"طلع بالكوفية شايف الجندي برافق من باب المستشفى للبيت وهو عمره سنة سنة ونص اعتقل أخوه، استشهد ابنه انضرب غاز ارتش كذا فتشبع بالاحتلال فبالتالي أصبح لما بيصير عمره 12 13 سنة إنت مش مجبور تحرضه ولا مجبور تدرسه وطنية ولا تاريخ ولا جغرافيا ولا مدنيات، هو شايفه يوم بيوم حياة حياة ليش تكتشف لما يصير 14 سنة بدك تقول لا تعملش هيك بيقول لك شو كيف.",0.7167,12:06:15 AM,12:06:45 AM,biqawi_#9,57,TRUE
60,1,خليك إنت بالدار إنتو إللي انهزمتو دشرنا إحنا أنا سمعتها بودني.,0.6732,12:06:46 AM,12:06:51 AM,biqawi_#9,11,TRUE
61,1,بالتالي هذا بتيجي أول مواجهة مع أول جندي.,0.8264,12:06:53 AM,12:06:56 AM,biqawi_#9,7,TRUE
62,1,طبعا بوقف بوقف الجندي الجندي والشب قد بعض 17 17,0.8203,12:06:58 AM,12:07:03 AM,biqawi_#9,7,TRUE
63,1,"يعني للحظات بتبطل مسألة جندي ومواطن بتصير مسألة شب لشب وبتعرف شباب تنين بدهم يستعرضو عضلاتهم، الفرق الوحيد إنه هذا محتل ومسلح وعنده دولة وراه وهذا ما عندوش إلا لحمه ومخه وعظمه فبالتالي بستعملهم.",0.7246,12:07:04 AM,12:07:19 AM,biqawi_#9,33,TRUE
64,1,ثبت إنه هدول أقوى.,0.8183,12:07:20 AM,12:07:22 AM,biqawi_#9,4,TRUE
65,1,هدول بل بالمواجهة أقوى كثير يعني فلما إنكسرت صورة الجندي أمام الولد بطلت تفرق معه لا أبوه ولا مديره ولا شيخ الجامع ولا القسم الكنيسة ولا حدا بطل شايف حدا أول مرة ثاني مرة ثالث مرة وقف على الحيط رابع مرة الجندي إللي وقف على الحيط بياكل قتلة,0.7453,12:07:22 AM,12:07:39 AM,biqawi_#9,37,TRUE
66,1,"طبعا بعرف الشاب إنه ممكن يجوا كمان عشرة ويدبكوا فوقية، هذا حصل مع أولادي يعني أنا بحكيلك تجربة كيف هذا الجيل صار هيك يعني.",0.7813,12:07:41 AM,12:07:49 AM,biqawi_#9,23,TRUE
67,1,فأنا صرت أستشير ابني بأدب.,0.7162,12:07:50 AM,12:07:52 AM,biqawi_#9,5,TRUE
68,1,شو رأيك تروح؟,0.8734,12:07:53 AM,12:07:54 AM,biqawi_#9,3,FALSE
69,1,يعني كمان شوي را,0.7777,12:07:55 AM,12:07:56 AM,biqawi_#9,4,TRUE
70,1,بجاوبكش يعني م م م,0.515,12:07:57 AM,12:07:59 AM,biqawi_#9,3,FALSE
71,1,يعني إذا أعطاك هذه إنه بحترم رأيك إنك حكيت,0.8717,12:08:00 AM,12:08:03 AM,biqawi_#9,9,TRUE
72,1,ولا لو الحكي بحبحة بين أب وابنه كان بده يقول لي هديك الكلمة يعني.,0.7944,12:08:04 AM,12:08:09 AM,biqawi_#9,14,TRUE
73,1,"كمان أنا من جيل سجين سنة الثمانين انسجنت أربع سنوات كمان كنت في السجن بعرف شو السجن، بعرف شو المعانيات كمان أنا الي ربيت أولادي، أولادي ولاد حلال يعني أنا ابني مرتين لما أروح أزوره أبو سمرة.",0.8255,12:08:09 AM,12:08:23 AM,biqawi_#9,31,TRUE
74,2,"يخليلك إياه يا رب, النمر.",0.7639,12:08:25 AM,12:08:26 AM,biqawi_#9,5,TRUE
75,1,"بعدين يابا خلاص إنت تجوزت بكرة بده يجيك أولاد، قال لي سؤال بسألك أنا إبن حلال ولا إبن حرام؟",0.7639,12:08:27 AM,12:08:34 AM,biqawi_#9,18,TRUE
76,2,هاها,1,12:08:34 AM,12:08:36 AM,biqawi_#9,1,FALSE
77,1,ما عرفت أجاوب.,0.8012,12:08:36 AM,12:08:38 AM,biqawi_#9,3,FALSE
78,1,ما عرفتش أجاوبه طبعا أنا متأكد أنه أبن حلال قلي اذا أنا إبن حلال معناته أسكت ما تحكيش ولا نص كلمة.,0.6711,12:08:39 AM,12:08:45 AM,biqawi_#9,18,TRUE
79,1,فسكتت ولليوم أنا ساكت وبعد وبعبر عن تلاحمي وعن تعارضي وعن وقفت كفي معه وين ومع كل طبعا الشباب أنا بحكي ولادي ك ولاد القدس كلهم يعني يعني أنا مبارح ما فييش حيل أشم غاز و,0.6677,12:08:46 AM,12:09:01 AM,biqawi_#9,32,TRUE
80,1,إيه يعني لا السيجارة أنا بيرميني بس نزلت أشيت ومسحت ونظفت وحملت زبالة بعد الشبه شو هي يعني,0.641,12:09:01 AM,12:09:09 AM,biqawi_#9,17,TRUE
81,1,لما المرات بيحكي الواحد بالبلد من البلد من جوا الحدث بيحكي بفكروا الناس إنه عم بسوي فيلم,0.8247,12:09:11 AM,12:09:17 AM,biqawi_#9,15,TRUE
82,1,لأن هالاشي فعلا سريالي.,0.4167,12:09:18 AM,12:09:19 AM,biqawi_#9,4,TRUE
83,1,الاشي فعلا سريالي إنت في لحظات أمام الموت في كل ثانية لمدة 5 ساعات متواصلة.,0.7334,12:09:20 AM,12:09:27 AM,biqawi_#9,14,TRUE
84,1,تنتهي هذه 5 ساعات بشكل أو بآخر بهزيمة عدوك بنسحب بتطلع بتدبك وبترقص وبتقول أنا مفترض أشرب مي.,0.6348,12:09:28 AM,12:09:35 AM,biqawi_#9,18,TRUE
85,1,إيه إمبارح العصر أحكيك بصراحة إمبارح العصر الناس على درج باب العمود.,0.772,12:09:36 AM,12:09:42 AM,biqawi_#9,10,TRUE
86,1,قاعدين,0.8054,12:09:42 AM,12:09:43 AM,biqawi_#9,1,FALSE
87,1,لحظات طلع الزمور تبع الصاروخ.,0.7476,12:09:44 AM,12:09:46 AM,biqawi_#9,5,TRUE
88,1,وقدن العصر بنفس اللحظة يعني هذه زي كيف فكرة المدفع اجت لمحمد علي تبع مصر تثبيتنا على رمضان إنه أدن المغرب وفلت مدفع فألهم دائما أضربوا مدفع طلعت دفع فقدن العصر وطلع الزمور هاد إذا فقاموا الشباب كلهم صلوا العصر على باب العمود نص إللي صارله معهم مش واضح وهو نصهم بيعرفوش الله وفي منهم بحشش وفي منهم تبعت طوش بس القدس خط مش أحمر إذا في خط ما فوق الأحمر حط فيها احمرات.,0.6472,12:09:47 AM,12:10:18 AM,biqawi_#9,65,TRUE
89,1,والأماكن المقدسة بما فيها المسجد الأقصى المبارك أنا قبل نص ساعة سمعت لقاء مع شاب فقد عينه في مستشفى المقاصد.,0.8586,12:10:18 AM,12:10:25 AM,biqawi_#9,20,TRUE
90,1,وجاءت قناة الجزيرة بتعمل معه مقابلة ألا هلق إذا بتنزلي على السرير بنزل على الحرام مستعد أخسر عيني الثانية,0.6894,12:10:26 AM,12:10:32 AM,biqawi_#9,18,TRUE
91,1,وما بيزيدش عليكي حطيني بسيارة الجزيرة ونزليني على باب السفر هلق.,0.575,12:10:34 AM,12:10:38 AM,biqawi_#9,11,TRUE
92,1,لا إنت عم.,0.8138,12:10:39 AM,12:10:40 AM,biqawi_#9,3,FALSE
93,2,ابو بيسان هاي الشخصية طول عمرها هيك ولا هذا الجيل الجديد هيك عم بيصير؟,0.8138,12:10:40 AM,12:10:45 AM,biqawi_#9,13,TRUE
94,1,شوف ال,0.5338,12:10:45 AM,12:10:47 AM,biqawi_#9,2,FALSE
95,1,لما إنت بتفقد الأمل من سند معين عربي وحتى جزء من الفلسطيني إنت بتجي ب بحكي ك مقدسي هلق ودايريكت يعني.,0.7864,12:10:48 AM,12:10:58 AM,biqawi_#9,19,TRUE
96,2,اه اه من الاخر.,1,12:10:58 AM,12:11:00 AM,biqawi_#9,3,FALSE
97,1,ليس لي إلا الله وإلا يا,0.9483,12:11:00 AM,12:11:02 AM,biqawi_#9,6,TRUE
98,1,معركة البوابات ال2017 14 يوم الله والمقدسيين على باب الحرم ونقطة.,0.815,12:11:04 AM,12:11:10 AM,biqawi_#9,11,TRUE
99,1,وانتهت المعركة نحنا إمبارح كنا أمام أربع انتصارات بدها حروب الدول إمبارح الأربع انتصارات كل جيوش الدول العربية بحققهاش في في كل الحروب إللي حاربوها.,0.6598,12:11:14 AM,12:11:23 AM,biqawi_#9,20,TRUE
100,1,"إنك ما تسمح لهم يفوتوا على الحارات، إنه تتغير المسيرة إنه تلتغي المسيرة، وإنه حتى المراق مايدخلوها.",0.6863,12:11:24 AM,12:11:30 AM,biqawi_#9,16,TRUE
101,1,إنت بتحكي عن القدس حدث هالقد صغير بالقدس يلقى إعلاميا وأهمية سياسيا أكثر من حدث في أي محل ثاني في الكرة الأرضية.,0.8036,12:11:32 AM,12:11:40 AM,biqawi_#9,20,TRUE
102,1,عشان هيك هذا الجيل.,0.8614,12:11:41 AM,12:11:42 AM,biqawi_#9,4,TRUE
103,1,"إما نكون أو لا نكون, المسألة بالنسبة له زي ما تفضلت إنت لهي دبلماسية ولا مسألة سياسية ولا أنا هون وبدي أضل هون وأنا مش سيدي أنا قريت قصص 48 وقريت النكبات شوفت أفلام كثير تافهة عن النكبة دائما بكائه دائما جواحه نواحة هذا الخلق مني حكواتي ذو طاقة إيجابية حكواتي بدفع لقدام مش بدفع لورا، أنا عندما أتحدث عن رجال الماضي أتحدث عن صفات نستطيع نحن استعادتها اليوم.",0.7249,12:11:44 AM,12:12:14 AM,biqawi_#9,58,TRUE
104,1,"لإنه فقدناها بإيدينا ما بحكي عنها نوستالجيا والله يرحم بك أيام زمان, أيام زمان كنا نأكل أنا وأخوي بصحن واحد شو أيام زمان كان كوعه وشمال ويضرب التمي وأنا بأخذ اللقمة يأكل تلات أرباع الله يفضح أيام زمان ما هو فقر وتابع وتعا بس أيام زمان كان لما الواحد بدو يحكي الكلمة إذا بقدر يسويها الأولى بقدرش يسويها يسويهاش هذا إللي نحنا بدنا نسترجعه وإنما طاقة الشباب العنفوان إللي تفضلت فيه إنت التناحة",0.6573,12:12:14 AM,12:12:43 AM,biqawi_#9,62,TRUE
105,1,يعني إنت بتوصل فيك توقف تفزع بين ابنك والجندي,0.7152,12:12:44 AM,12:12:47 AM,biqawi_#9,9,TRUE
106,1,انت فاهم مرات.,0.6549,12:12:47 AM,12:12:49 AM,biqawi_#9,3,FALSE
107,1,إنه يا بني ولك بس.,0.5692,12:12:50 AM,12:12:51 AM,biqawi_#9,5,TRUE
108,1,"ولك والله روح بدنا نسا, لا إذا كان الزلمة لا ولك إشلح البرودة وتقول لك والله وأنتم كلاب أنا بعرف عنوانكم وين ساكن والله لافضحك في بلدك.",0.5917,12:12:51 AM,12:13:02 AM,biqawi_#9,23,TRUE
109,1,م فعلا وهيك هذا إللي بيحصل وبتشوفوا أنتم مرات ب الشاشات وكذا يعني,0.6273,12:13:04 AM,12:13:08 AM,biqawi_#9,13,TRUE
110,2,طب أنا أنا بدي أسألك عشان.,0.8093,12:13:09 AM,12:13:11 AM,biqawi_#9,5,TRUE
111,2,آه شفته بس أنا بدي أسألك علشان حكيت إنت وابنك وأحيانا الواحد بفزع إي أبو سمرة تحديدا هو مش شخص  هوين هو واحد من النماذج هاي يعني أنا بالنسبة لإلي لما كنت بشوفه بمظاهرة برام الله بشعر بأمان بشوفه مظاهرة بمحل بشعر بأمان إنه هو واحد من الناس اللي تشعر إنه يعني هدول الشباب الجدعان الواحد بيفخر فيهم بدي أسأل سؤال هلق بس هيك على إي إي شو تغيرت ظروف بينك وبين نشأتك في القدس وبين نشأة إي سامر يخليلك إياه؟,0.7704,12:13:12 AM,12:13:40 AM,biqawi_#9,64,TRUE
112,1,"يعني أنا نشأت في ظروف بديش أحكي عن ولادتي بدي أحكي عن شبابي ووعي أكثر مما أحكي قبل يعني, يعني أنا وعيت من 14 سنة عمري على غسان كنفاني.",0.8244,12:13:43 AM,12:13:53 AM,biqawi_#9,24,TRUE
113,1,أوكي.,0.6907,12:13:54 AM,12:13:54 AM,biqawi_#9,1,FALSE
114,1,حبيت غسان كنفاني بعدين أنا يعني انتميت بعدين قاتلت بعدين انسجنت بعدين بعدين كان في إشي إله ثقل وزن إله ثقل كبير اسمه منظمة التحرير الفلسطينية.,0.8411,12:13:55 AM,12:14:08 AM,biqawi_#9,20,TRUE
115,1,منظمة التحرير الفلسطيني لما كنا نحن نسمع بمنظمة التحرير الفلسطينية أو نسمع بمونتي كارلو خمس جمل جورج حبش أو كلمتين لأبو جهاد أو مش عارف مين مننمش الليل ونحن نفكر فيهم ونجيبهم ونحللهم.,0.7621,12:14:09 AM,12:14:22 AM,biqawi_#9,29,TRUE
116,1,اليوم بتدشو خطاب تبع 7 ساعات بيسمعوش إللي قاله يعني بيسجلوا الأستوديو بروح وبسمعوش فبالتالي فقدنا فقدنا القائد فقدنا قيمة القائد وتأثيره لما بحكي قائد بحكيش عقائد فرد بحكي عن قيادة جمعية يعني.,0.7686,12:14:23 AM,12:14:38 AM,biqawi_#9,29,TRUE
117,1,بعدين شوي شوي لما دخلت السعودية على الخط وحطت المعلقة الذهب في تم منظمة التحرير بلش يتحلل المفهوم ال التحرري لمفهوم استقراري ولما بستقر الثائر خلص سلامتك وتعيش لما بلبس بدلة وجرافة وبصير بدو سيارة ومرافق وكذا.,0.8025,12:14:39 AM,12:14:56 AM,biqawi_#9,35,TRUE
118,1,"إيه ومع ذلك، ومع ذلك يسطر التاريخ للشعب الفلسطيني إنه الشعب الوحيد في العالم إللي هو حرر قيادته مش العكس.",0.8606,12:14:57 AM,12:15:04 AM,biqawi_#9,19,TRUE
119,1,يعني بالعادة القيادة بتيجي تحرر الشعب المحتل إحنا لو بنعرف هيك.,0.8282,12:15:05 AM,12:15:09 AM,biqawi_#9,11,TRUE
120,1,إمم.,0.3127,12:15:11 AM,12:15:11 AM,biqawi_#9,1,FALSE
121,1,المهم.,0.9124,12:15:13 AM,12:15:14 AM,biqawi_#9,1,FALSE
122,1,حررنا القيادة وجبناها طلعت التأثير المالي الموني الكونترول المالي يعني والتوجيه السياسي من وراء الكونترول المالي وتغيير المواقف السياسية بالمال أذانا جدا جدا جدا وأنا أتحدث هنا عن خلاصة الخراب من تنين وثمانين من الخروج من بيروت لل 93 لتوقيع هذه كانت كانت هناك وكأنه تجهيز لأوسلو ونحنا عايشين نكبة أوسلو إللي كتبناها بأيدينا.,0.7419,12:15:15 AM,12:15:43 AM,biqawi_#9,45,TRUE
123,2,طيب والفرق مرة ثانية بينك وبين سامر الفرق بينك وبين سامر؟ إنت كنت أتنح ولا هوي اتنح؟ نحن جيل أتنح من جيلكم؟,0.6602,12:15:44 AM,12:15:54 AM,biqawi_#9,19,TRUE
124,1,سامر وإللي جاي وأخدوا التراكم على السريع مش زيي أخذ معي وقت لأوصل لنتيجة هو أخذها من الآخر. أنا من اللد وبدي أرجع علي.,0.6602,12:15:54 AM,12:16:02 AM,biqawi_#9,23,TRUE
125,2,أوكي أوكي طيب خليني خليني خليني كمان أسألك سؤال بم على على يعني نضل بسامر ونسأل آخر سؤال من بعد إذنك إي إي إي إنت بتعرف إنه سامر بيعمل الصح وفخور فيه ومبسوط فيه بس إيه قديش قديش صعب عليك إنت كأب وأنت عايش مسار وشايف ابنك ماشي بمسار ما وشايفه عم بيتعرض للخطر طول الوقت ايه وكل فترة اعتقاله كل فترة كذا و وينك وين إنت ممكن تكون بتفزع بينه وبين الجندي عشان تحميه,0.7433,12:16:04 AM,12:16:32 AM,biqawi_#9,63,TRUE
126,3,بس كمان بتكون مبسوط إذا ضرب الجندي,0.7433,12:16:32 AM,12:16:34 AM,biqawi_#9,7,TRUE
127,3,هاي المعادلة كيف شكلها معك إنت كأب,0.7854,12:16:35 AM,12:16:37 AM,biqawi_#9,7,TRUE
128,3,مقدسي؟,0.8828,12:16:38 AM,12:16:39 AM,biqawi_#9,1,FALSE
129,1,إي هي أنا معي ومع غيري.,0.8105,12:16:41 AM,12:16:42 AM,biqawi_#9,6,TRUE
130,1,معي ومع كثير زي يعني معك أنا في النهاية أب بدي أشوف ابني إللي أنا يعني ربيته وعلمته وتخرج وبشتغل ناجح بحياته وكذا رغم هذه الظروف مهي إحدى أدوات المقاومة إنك تطلع ولد واعي يطلع ولد لما بدو يحمل الفلم يعرف ليش حمل ولا ما بدو يحمل الحجر يعرف ليش حملوا الشكلين لازم يعرف ليش حمله.,0.7883,12:16:43 AM,12:17:04 AM,biqawi_#9,47,TRUE
131,1,بس في النهاية.,0.9188,12:17:05 AM,12:17:06 AM,biqawi_#9,3,FALSE
132,1,لما أنا بقول لأم بسان والله هي وبال مش عارف وين بتقولي زيه زي ها الشباب الله معه.,0.7266,12:17:07 AM,12:17:11 AM,biqawi_#9,18,TRUE
133,1,الله معهم.,0.9015,12:17:12 AM,12:17:13 AM,biqawi_#9,2,FALSE
134,1,"لإنه إنت ما عندك بديل ثاني يعني مش راح تقعد،",0.8024,12:17:14 AM,12:17:16 AM,biqawi_#9,10,TRUE
135,1,شوف إللي بطلع على الصورة في القدس وأنت عم بتشوفوها بوضوح خلال شهر رمضان هذا بوضوح صارخ يعني ما بيقدر يقول إلا إنه الله معه.,0.866,12:17:18 AM,12:17:27 AM,biqawi_#9,24,TRUE
136,1,يعني الله يحميهم نقطة وسطر جديد.,0.7957,12:17:27 AM,12:17:29 AM,biqawi_#9,6,TRUE
137,1,وإحنا.,0.7048,12:17:31 AM,12:17:31 AM,biqawi_#9,1,FALSE
138,1,يعني.,0.9397,12:17:32 AM,12:17:33 AM,biqawi_#9,1,FALSE
139,1,إحنا في مواجهة كل ثانية في كل ساعة.,0.8699,12:17:34 AM,12:17:36 AM,biqawi_#9,6,TRUE
140,1,يعني 60 * 60 * 60 اضربهم شوف قديش بيطلعوا في الساعة الواحدة نحن نعيش تحت 648 كاميرا من ساعة ما اطلع من بيتي لحد ما ارجع على بيتي أنا بعيش تحت الكاميرات.,0.7711,12:17:37 AM,12:17:49 AM,biqawi_#9,26,TRUE
141,1,أنا بعيش على جندي كل 10 م.,0.8747,12:17:50 AM,12:17:52 AM,biqawi_#9,7,TRUE
142,1,كل 10 م يعني.,0.775,12:17:53 AM,12:17:54 AM,biqawi_#9,4,TRUE
143,1,فأنا.,0.5863,12:17:56 AM,12:17:56 AM,biqawi_#9,1,FALSE
144,1,"وقادر أنا أضحك وقادر أروح ع العرس وقادر أنقط في العرس وقادر أعمل عزومة رمضان بقدر أعمل حكواتي، وأسعد الختياريه والكبار والنسوان والأطفال طب ما هذه بحد ذاتها بدها طاقة مضاعفة يعني ولكن.",0.7152,12:17:57 AM,12:18:10 AM,biqawi_#9,28,TRUE
145,1,عارف لما أمي كانت تقول أذكى كعك إللي بتبسبس منيح لإنك كلما عجنت ال,0.7328,12:18:11 AM,12:18:16 AM,biqawi_#9,14,TRUE
146,1,عجينة السميد مع الزيت وبسبستها بتطلع بتدوب في تمك نحنا قد ما الواحد تبسبس صار يستمتع في الشكلين أنا إمبارح اتصالاتهم داخل الأقصى وحجارة خارج الأقصى تقبل الله الصلاتين,0.6922,12:18:17 AM,12:18:30 AM,biqawi_#9,27,TRUE
147,1,بتصير شيء واحد يعني إنت عرسك ومقاومتك والجنازة والفرح والدبكة خليط موحد مش مفصول عن بعضه.,0.7229,12:18:31 AM,12:18:40 AM,biqawi_#9,16,TRUE
148,1,"يعني أنا مرة كنت بالسويد بعرض،",0.8091,12:18:41 AM,12:18:43 AM,biqawi_#9,6,TRUE
149,1,"في مالمه تحديدا مسرحية قصص تحت الاحتلال، إجا صحفي قال لي يعني طبعا هنانا على المسرحية لعنا هيك مسرحية جميلة جدا",0.7781,12:18:44 AM,12:18:53 AM,biqawi_#9,20,TRUE
150,1,قال لي يو ار لاكي ,0.7222,12:18:54 AM,12:18:54 AM,biqawi_#9,5,TRUE
151,1,بيكوس يو ار بلاستينيان. قلتله طب واي,0.5162,12:18:56 AM,12:19:00 AM,biqawi_#9,7,TRUE
152,1,"يعني في عندكم أكشن قلتله طب تعال نغيير هات لك 20,000 من مال منحطها في مخيم جباليا وخذلك 20,000 سليهم شهر يا زلمة قال لي برضه بينتحروا.",0.6062,12:19:01 AM,12:19:11 AM,biqawi_#9,25,TRUE
153,1,"سوريين, الفكرة هيك إنه نحنا وكأنه مش إنه نحن بنحب نعيش في مشاكل لا",0.6265,12:19:12 AM,12:19:20 AM,biqawi_#9,13,TRUE
154,1,بس إنه إنت,0.8837,12:19:20 AM,12:19:21 AM,biqawi_#9,3,FALSE
155,1,شوف لما إنت بتيجي الساعة وحدة على حاجز حوارة إللي بيطلع من نابلس إلى القدس.,0.8414,12:19:22 AM,12:19:26 AM,biqawi_#9,15,TRUE
156,1,"بعد ما إنت مقدم سهرة رمضانية في الدوا في دوار الساعة في نص نابلس القديمة،",0.8094,12:19:27 AM,12:19:32 AM,biqawi_#9,13,TRUE
157,1,وبدك تروح والساعة واحدة وتلاقي الحاجز ملان عليه 800 نحن فرقة مسرح طلنا العود والطبلة وصرنا نقول شيق صورك على ما زارع مين كان أجا الجيش علينا شو بتسوي قلناله منغني,0.6487,12:19:32 AM,12:19:45 AM,biqawi_#9,31,TRUE
158,1,"قال ممنوع الغناء قلتله أحنا فكرك بدنا نغني هلق صارلنا 3 ساعات بدنا نروح على الدار مسكر الحاجز، ليش إجا الجندي إجا الجندي لإنه الناس بطلت تطلع عليه، صارت تطلع علينا.",0.655,12:19:46 AM,12:19:56 AM,biqawi_#9,27,TRUE
159,1,بطلت تطلع على الجندية لهالقد إللي موقفه ألف زلمة بكرامتهم وراء الحديد صاروا يتطلعوا علينا فقال وقف بفتح الحاجز بفتح الحاجز بوقف فصارت المفاوضات بين العود والبارودة انتصر العود.,0.6644,12:19:57 AM,12:20:11 AM,biqawi_#9,27,TRUE
160,1,مظبوط .,0.3418,12:20:14 AM,12:20:15 AM,biqawi_#9,2,FALSE
161,2,"طب ابو بيسان في في المقادسة أو الأهالي القدس يمكن الوحيدين إللي بيحكوا على الواقع إللي كثير صعب حياتهم بشكل كوميدي يعني هم الوحيدين إللي بيعملوا ساركازم، نحنا أهالي الضيع يعني الضفة وغزة بشكل أساسي، أصحاب الدراما والأكشن يا بيكون فيه كثير دراما يا أكشن ولاد القدس، يعني فكرة الحبسة عندهم حتى بالفيديوهات هذه إللي بنتفرج عليها مهونة روح طالعة بالجناح دواوين هاي وعاشا وارد طالعة وارد في في روح موجودة ب",0.7184,12:20:16 AM,12:20:47 AM,biqawi_#9,57,TRUE
162,2,"إيه إيه إيه مختلفة عن يعني بتميز بتميز شكل التعاطي خليني أحكي لشباب القدس وأهاليهم مع الواقع إللي بيعيشوه، هذا كمان إيه إي من زمان موجود حديث موجود أحكيلي عنه أكثر حديث.",0.7216,12:20:47 AM,12:21:03 AM,biqawi_#9,27,TRUE
163,1,شوف.,0.7216,12:21:04 AM,12:21:04 AM,biqawi_#9,1,FALSE
164,1,"جزء كبير من شبابنا إللي ما تعلم إللي مصحلش يروح على مدرسة أو طلع من المدرسة أو إلى أخره، هو بيشتغل في مطاعم وفنادق في شارع يافا، هو بيشتغل عند الإسرائيليين فبالتالي عايشهم عن قرب شاف مصطلحاتهم شاف ثقافتهم شاف إي شو إللي بيضايقهم شايف شو إللي بيأثر فيهم شاف فبالتالي هو نقل هذا الحكي لمستوى سياسي عند النقاش.",0.8339,12:21:05 AM,12:21:31 AM,biqawi_#9,44,TRUE
165,1,أم يعني لما جندي لما تنين جنود ماسكين ماسكين واحد ووراهم تلاتة بحرسوهم وهو بيطلع وبقلهم تخافوش,0.6254,12:21:32 AM,12:21:39 AM,biqawi_#9,15,TRUE
166,1,توقعت شوي بتفكر إنت مين إللي بقول تخافوش مين إللي لازم يخاف والثاني يقول له ما تخافش يعني المفروض إللي مكلبش ال مكلبش المكلبش بقول لل مكلبش تخافش بس إنت هون عنا بتلاقي هو مكلبش بيقول انت تخافش مش ضاربك أنا أنا شوفت المحكمة قبل سبعة أيام في محكمة أبو سمرة جابوا ولدين قبل محكمته ولدين 16 16 ل مدخلينهم تنين قدي الجحوش يعني فادخلوه ومد أيده هيك يعني عشان يفكوه الكلبشات رجع لورا,0.588,12:21:41 AM,12:22:09 AM,biqawi_#9,58,TRUE
167,1,قال له تخافش مديتلك البلاستيك عشان تقصها هلق بعد ما تخلص المحكمة بعطيك.,0.551,12:22:10 AM,12:22:15 AM,biqawi_#9,13,TRUE
168,1,"بتطلع إنت يمكن أنا عشان فنان بشوف التفاصيل، وال وال وال وال وجوهر الإبداع بكمل في التفاصيل، جوهر إبداع الشعب الفلسطيني والمقدسيين صحفي الصغيرة يعني إنت إمبارح بتشوف صورة بطولية كاملة أنا إذا بدي اكتب عنها دراما بعودش أحكي رمو حجار وهتفو والله أكبر وهذا شفناه وأنا مش جريدة يعني ناقلة ولا أنا بدي أعمل تقرير يعني أنا بقول محمد ابن الست سنين مسكين زحم بدو يفرفر وباب المطهرة بالحرم بعيد عليه.",0.6982,12:22:17 AM,12:22:47 AM,biqawi_#9,61,TRUE
169,1,"لقى حاله درجات السور إللي بتطلع على المقبرة طلع بدو يفرفر على السور، بالصدفة اجت على على جيش الخرة الإسلامية مش قاصد هو أم محمد من طيز الليل سحبت حالها وراحت على الأقصى لما تميت قنبلة أقترح فيه مشتل ورد الحق أبو شنعين تبع البسطة إللي بسوق القطانين ليبيع الدناديش، لم كل البكر الحلقات تاعون القنابل اليدوية عشان يعمله مداليات لخارطة فلسطين. أم محمد أصرت إلا تعزم كنتها وتعلمها كيف تسوي كيف تسوي سميد بس اكتشفت إنها أخذت سميد رشة على الجيش وهم طالعين من باب المغاربة.",0.5708,12:22:47 AM,12:23:17 AM,biqawi_#9,75,TRUE
170,1,عشان 3 4 يوقعوا على الأرض هذا الوضع كان بالأقصى.,0.6905,12:23:17 AM,12:23:20 AM,biqawi_#9,10,TRUE
171,2,و وبتعرف إللي بتقوله إنت فعليا هذا مش يعني ب ب يعني أنا إللي شفته تحديدا على التكتوك هسا وبما إنه هو المنصة تبعت هبة الشيخ جراح والأقصى إللي قاعدين نعيش فيها فيه بال بالمقاطع هو مش من قرب يعني مش قاعد بورجيني جندي هو قاعد بتتخوت على الجندي هو قاعد بيكسر بصورة الجندي يعني حتى فكرة الهلسنة إللي إحنا بنحكي عن هلسنة والكلمات والمصطلحات هذه تحولت لشغلتين هذه قاعدة بتعزز صورة ال ال بتع يعني بتعزز الشجاعة وبتكسر,0.7108,12:23:22 AM,12:23:53 AM,biqawi_#9,59,TRUE
172,2,حاجز خوف كثير كبير موجود عنا كلياتنا اتجاه الجنود والشرطة بس هيك قاعد بصدرلنا إياه وبنفس الوقت حرفيا بكسر صورة الجندي والجندية قدامنا.,0.7849,12:23:53 AM,12:24:02 AM,biqawi_#9,23,TRUE
173,1,آه طبعا لما بيقولوا أعطيها يعني 3 4 3 4 على هدول الغرف إللي حطوه من باب العمود فوق.,0.8221,12:24:03 AM,12:24:10 AM,biqawi_#9,17,TRUE
174,1,كانوا أول إنه إحنا حطينا تحصينة وهلق إحنا إيش بنقدر نجيب الشب هون منكبسو قتلة ينادوا على الشب إللي أعطيها مش فاضي لك أعطيها بدك الهوية امسك الهوية ويرونها على خزانة والله وأنا مروح من الشغل بميل عليك.,0.6498,12:24:11 AM,12:24:25 AM,biqawi_#9,33,TRUE
175,1,لما بتشوف هذه الصورة إنت هلق هو ممكن يلحقوه بخمسة و يبطحوه بس هو مش شايفهم,0.7673,12:24:26 AM,12:24:32 AM,biqawi_#9,15,TRUE
176,1,آه وهذا إللي بيكسر الصورة هذا بيكسر الصورة هم مرات.,0.6441,12:24:33 AM,12:24:38 AM,biqawi_#9,8,TRUE
177,1,بيحاولوا يفهموا وأغلب المرات أغبياء,0.8264,12:24:39 AM,12:24:41 AM,biqawi_#9,5,TRUE
178,1,بتعرف المستقوي بالسلاح والكذا بقلك أنا هذا ولد صغير زي كيف ولد صغير يضرب واحد يعني كبير بقول لك أنا واحد اجري فلعوس هالقد يضربني من فبروح وبهرب للأمام بيتيس أكثر.,0.6055,12:24:42 AM,12:24:54 AM,biqawi_#9,27,TRUE
179,1,يعني.,0.9399,12:24:55 AM,12:24:56 AM,biqawi_#9,1,FALSE
180,1,يمكن حجم القمع إللي تعرضوا له المقدسيين في شهر رمضان.,0.8545,12:24:56 AM,12:25:00 AM,biqawi_#9,10,TRUE
181,1,بتفرق على خمس سنين إذا بدنا ناخذ ومع ذلك شوف اللحظة إللي بيطلعوا فيها إنت من الأقصى,0.7581,12:25:01 AM,12:25:08 AM,biqawi_#9,17,TRUE
182,1,شوف اللحظة أيش بيسوو الشباب نفس الحكي إللي بتحكيه إنت يلا مرة هاهاها أعطيها,0.6393,12:25:09 AM,12:25:15 AM,biqawi_#9,14,TRUE
183,1,هون,0.3933,12:25:16 AM,12:25:17 AM,biqawi_#9,1,FALSE
184,1,وهو بيشم غاز وهو على حافة الموت قبل الدقيقة كان يعني,0.8109,12:25:18 AM,12:25:21 AM,biqawi_#9,10,TRUE
185,1,فهو شوية,0.8485,12:25:22 AM,12:25:24 AM,biqawi_#9,2,FALSE
186,1,طبعا إحنا مش سوبر مان ولا سوبر ومون.,0.5397,12:25:24 AM,12:25:26 AM,biqawi_#9,7,TRUE
187,2,مفهوم مفهوم.,0.5397,12:25:26 AM,12:25:27 AM,biqawi_#9,2,FALSE
188,1,يمكن يبكي يمكن مضروب لطلعة فخدته بس في العنفوان هذا في ال.,0.5397,12:25:28 AM,12:25:33 AM,biqawi_#9,10,TRUE
189,2,هاي الكبرياء والعنفوان.,0.5397,12:25:33 AM,12:25:35 AM,biqawi_#9,3,FALSE
190,2,اه.,0.5397,12:25:35 AM,12:25:36 AM,biqawi_#9,1,FALSE
191,1,في كبرياء و,1,12:25:36 AM,12:25:36 AM,biqawi_#9,3,FALSE
192,1,في عزة يعني يعني بتشوفهن باب العمود إنت مرات.,0.5397,12:25:36 AM,12:25:40 AM,biqawi_#9,8,TRUE
193,1,يا أخي بطحو الميت 5 دقايق بيصيروا 150 بيكبر شو هم بعيد عنك عادم بعد شوي بيصير و300 بيطلعوا من شارع صلاح الدين بلفوا من المصرارة شوي لهم العين,0.6237,12:25:40 AM,12:25:51 AM,biqawi_#9,27,TRUE
194,1,كمان هدول كمان بني آدمين بين قوسين يعني بيتعبوا الحصان بتعب الحمار تبعه إللي راكب عليه بتعب,0.6909,12:25:53 AM,12:25:59 AM,biqawi_#9,15,TRUE
195,1,قديش بده وبعدين كل واحد فيهم لابسله 20 30 كيلو نحن في الصباح وبنطلون في في موازين كثيرة بتلعب دور بخير.,0.7194,12:26:00 AM,12:26:09 AM,biqawi_#9,19,TRUE
196,1,وفي شيء وراء كل هذا الحكي في إشي وراء كل هذا الحكي في أنا شخصيا حسام أبو عيشة بآمن إنه في إشي في القدس في سر.,0.773,12:26:10 AM,12:26:18 AM,biqawi_#9,17,TRUE
197,1,من يوم من انوجدت الدنيا ع وجه الأرض اليوم في سر في القدس ما بعرف أنا عم بدور عليه مش راح الاقي أكيد ولا ابني ولا ابني بس في سر.,0.7846,12:26:19 AM,12:26:28 AM,biqawi_#9,25,TRUE
198,1,في سر غريب يعني.,0.8153,12:26:29 AM,12:26:30 AM,biqawi_#9,4,TRUE
199,1,"أنا أتذكر تماما معركة البوابات لما كانوا المغرب يخبطوا غاز يروحوا الناس من باب الحرم، العشا يجي الزلمة ومعه مرته وأولاده وبناته.",0.7669,12:26:31 AM,12:26:39 AM,biqawi_#9,22,TRUE
200,1,"يعني نحنا للأسف تقولي ورا خليكي إنت والأولاد بالدار، بروح أنا لحالي صارت المرأة تروح على المصرارة تشتري سنيكرز وعشان تضيف إللي قاعدين باب السبات والبنت تميل على أبو صبيح تجيب عوامة وهداك يروح يجيب كرتونة تمر.",0.6076,12:26:40 AM,12:26:52 AM,biqawi_#9,36,TRUE
201,1,"اطلع لو إلك ست إيدين بتلحقيش تضيف كمان هذا النفس إللي بدنا نحكي عنه, بتعرفش من وين الأكل والشرب والمي وال بتيجي إنت شوف الهبة تبعت يوم يعني أهلنا في ال 48 لما حشروهم عند المباشرة هذه الصورة ما حصلت.",0.6504,12:26:53 AM,12:27:08 AM,biqawi_#9,40,TRUE
202,1,إنه شباب زعران تبعون طوش شوفيرية فردات على رأسي من فوق أول ناس قالوا اسمع والله بمرق فوق إللي ما بودي فرد ع أبوه وش بكرا ما بنام بالبلد.,0.7423,12:27:09 AM,12:27:21 AM,biqawi_#9,27,TRUE
203,1,خلال نص ساعة 50 60 فورد سكروا الطريق تفتحو ال منفتح,0.7043,12:27:23 AM,12:27:26 AM,biqawi_#9,11,TRUE
204,1,الشرطة,0.5826,12:27:28 AM,12:27:29 AM,biqawi_#9,1,FALSE
205,2,طب هدول هدول ايش دافعهم أبو بيسان؟,0.5826,12:27:29 AM,12:27:32 AM,biqawi_#9,6,TRUE
206,1,الأقصى.,0.8143,12:27:33 AM,12:27:34 AM,biqawi_#9,1,FALSE
207,2,خلصنا واضحة.,0.8118,12:27:34 AM,12:27:36 AM,biqawi_#9,2,FALSE
208,1,نقطة.,1,12:27:36 AM,12:27:38 AM,biqawi_#9,1,FALSE
209,1,ليش هي يعني انت فكرك كل إللي كانوا في الأقصى إمبارح بيصلوا مثلا يعني لا.,0.6556,12:27:38 AM,12:27:42 AM,biqawi_#9,14,TRUE
210,2,لا هذا هذا هذا دائما بينقال مش يعني بينقال يمكن دلالة إنه للتنوع بس في إشي حقيقي هيك موجود لما بنقال السكرجي والحشاش والكذا بين قوسين.,0.6657,12:27:44 AM,12:27:54 AM,biqawi_#9,23,TRUE
211,1,القياسية. التنوع الحقيقي نحنا اختبرناه,0.6657,12:27:54 AM,12:27:58 AM,biqawi_#9,5,TRUE
212,1,اختبرناه بمعركة باب الرحمة كان يكونوا موجودين ناس مصليين ومؤمنين وإيمانهم قوي وفي ناس لا يؤمنون بس موجودين باب الرحمة بيحموا إللي بيصلوا.,0.7561,12:27:59 AM,12:28:10 AM,biqawi_#9,19,TRUE
213,1,"وهيك كان كمان باب حطه وهيك كان أيام معركة البوابات هذه مش مي مش حدوته يعني مش مش إشي كبير بيج ديل، بس بدي أقول لك",0.7453,12:28:11 AM,12:28:20 AM,biqawi_#9,21,TRUE
214,1,إنه المكان مش بس كقدسية,0.7719,12:28:20 AM,12:28:22 AM,biqawi_#9,5,TRUE
215,1,لأنه.,0.8306,12:28:23 AM,12:28:24 AM,biqawi_#9,1,FALSE
216,1,"يعني أنا أول إمبارح صورت صورة على سطوح الصخرة قلت لهم عدو منيح أنا بفهمش بالحساب لأني أدبي أنا شايفهم 1,800,000,000 هدول على سطوح الصخرة.",0.742,12:28:26 AM,12:28:34 AM,biqawi_#9,21,TRUE
217,1,عدوا معاي إذا صح.,0.5061,12:28:35 AM,12:28:37 AM,biqawi_#9,4,TRUE
218,1,"فكل الناس جواب صح ونص صح ونص بمعنى هاي الكمشة من الناس بعرفش شو الله اختارها هم من صنعوا من مادة كويسة ونظيفة يعني ولاد حلال هم يمثلوا الأل 1,800,000,000 بين قوسين مسلم القضية مش دينية ولا عمرها أنا قصتي كانت مع اليهودي على يهوديته إنشا أنا بعبد موسى أكثر من هيك أنا بآمن بموسى أكثر ما هو بآمن بموسى لكن هم زرع الفكر الديني المتطرف العنصري في الفكرة السياسية وتشريبها",0.7772,12:28:37 AM,12:29:09 AM,biqawi_#9,58,TRUE
219,1,للجيل الجديد تبعهم رح يدفعوا ثمنها كثير غالي كتير مش شوية وإحنا عم نشوف الثمن.,0.8673,12:29:09 AM,12:29:15 AM,biqawi_#9,15,TRUE
220,1,"يعني بفترة بلحظة إمبارح ال20,000 مستوطن إللي اجوا على القدس عشان يخشوا ",0.7406,12:29:16 AM,12:29:23 AM,biqawi_#9,12,TRUE
221,1,"شفناهم زي الجاج بال، طيب وين ال",0.6954,12:29:24 AM,12:29:28 AM,biqawi_#9,7,TRUE
222,1,هار هبايت الحق هار هبايت إنت بدك تروح حساب أركض أشوفك على هار هبايت,0.6252,12:29:29 AM,12:29:33 AM,biqawi_#9,10,TRUE
223,1,إحنا الشعب الوحيد إللي بهرب بإتجاه الانفجار يا زلمة.,0.8414,12:29:34 AM,12:29:36 AM,biqawi_#9,9,TRUE
224,1,إحنا بقلو ضربو قنبلة إللي هناك بتروح كل الناس تركض على قنبلة بعكس على العالم كله.,0.6038,12:29:40 AM,12:29:45 AM,biqawi_#9,14,TRUE
225,1,هل أ هل هذا مش الجنون بس هذا فعلا إنه كسروا كل شيء إسمه خوف مقابل عزتهن مش الوطن شو الوطن ما هو سع غسان كنفاني حلها في في عيد ال حيث المنصفية بتسأل سعيد شو الوطن قالها شو الوطن يا صفية؟ قلها الوطن إنه كل إللي صاير هذا ما كانش لازم يصير.,0.7393,12:29:46 AM,12:30:05 AM,biqawi_#9,39,TRUE
226,2,مضبوط,1,12:30:05 AM,12:30:06 AM,biqawi_#9,1,FALSE
227,3,"طيب أو بيسان كمان شغله حكينا على الشرش وحكينا على على الشخصية علجانب الشخصية المقدسة في كان ما نجانب إحنا بنشوفه بالفيديوهات. إللي هي العلاقة مع المستوطن. هسا إحنا إللي منعرفه إنه المستوطنين على مدار السنين الأخيرة قاعدين ب تمادوا أكثر بستفزوا أكثر، وكمان إيه إيه آلة القمع وأدوات القمع وحم أدوات حمايتهم وأدوات قمعهم بتزيد أكثر وأكثر من الكاميرات للجيش والشرطة إللي موجودة بكل مكان ولهيك بس ما هيك إيه بتلاقي إنه ال المستوطن وهو ماشي بمشوا خايف الزقازيق.",0.7076,12:30:06 AM,12:30:39 AM,biqawi_#9,66,TRUE
228,2,يعني من من ومنشوف فيديوهات من ال إيه من من نكتة من من كلمة من هلسنة بالصوت بتلاقيه مات خوف هاي طبيعة العلاقة إللي قاعدة بتصير اليوم كيف شكلها؟,0.7747,12:30:39 AM,12:30:50 AM,biqawi_#9,22,TRUE
229,1,ما هو شوف,0.8594,12:30:51 AM,12:30:52 AM,biqawi_#9,3,FALSE
230,1,لما أنا قاعد ببيتك,0.9106,12:30:53 AM,12:30:54 AM,biqawi_#9,4,TRUE
231,1,"ومعاي أربع حراس وأنا بتزعرن عليك لما بروح الحراس بضل لحالي،",0.7027,12:30:55 AM,12:31:00 AM,biqawi_#9,11,TRUE
232,1,عارف حالي إني على باطل أنا لا يمكن أطمنلك لا يمكن لو إحنا الشعب الفلسطيني محتلين حدا رح نضل خايفين.,0.8079,12:31:00 AM,12:31:08 AM,biqawi_#9,18,TRUE
233,1,لإنه رح يجي وقت يقلولنا أجى وقت الفاتورة فهو كل الساعة وكل دقيقة بغيب عنه الجندي هيك بيقول لك هلأ بدي أدفع الثمن.,0.6678,12:31:09 AM,12:31:17 AM,biqawi_#9,22,TRUE
234,1,إنت بتتخيل إبن روضة إبن روضة يعني مستوطن عنده ولاد في الروضة لما بطلع من باب الدار على السيارة بيطلعوا معه تنين.,0.8237,12:31:18 AM,12:31:27 AM,biqawi_#9,20,TRUE
235,1,مدججين بالسلاح بوصلوه وبيستنو للساعة وحدة لما يرجع بيرجعوه هذا يوم يوم بنشوفه فهذا كيف بده يتربى كيف بدو يتربى؟ يعني شو الفكرة إللي براسي هذا بكرا ان فلته أبوه لحاله بصير بده يقول وين ال وين الحيطة.,0.6504,12:31:28 AM,12:31:42 AM,biqawi_#9,33,TRUE
236,1,نحن عايشين من غير حيطان.,0.8442,12:31:43 AM,12:31:45 AM,biqawi_#9,5,TRUE
237,1,"بتعرف إللي بنوا الجدار حواليه، الجدار 4 4 محلات إجا طوق دار واحد ببعتله رسالة إنه يعني من الله يرضي عليك ضل السيف بدنا الشبابيك",0.6512,12:31:45 AM,12:31:56 AM,biqawi_#9,23,TRUE
238,1,يعني كمل معروفك يا شارون.,0.697,12:31:57 AM,12:31:58 AM,biqawi_#9,5,TRUE
239,1,بنيت علينا أربع سنوات تركت السقف يعني أنا بترجاك شباكين وسقف الناس إللي بتتعامل بهذه الروح غير عن إللي ايما ابا إيما واباه بهيليم في إشي بسموه هيلم باللغة العبرية.,0.5972,12:31:59 AM,12:32:11 AM,biqawi_#9,29,TRUE
240,1,إنه 70 إصابة بالفزع.,0.6956,12:32:12 AM,12:32:13 AM,biqawi_#9,4,TRUE
241,3,الهيلامه إحنا منستخدمها بكل مكان بس كناش عارفين إنه أصلها عبري.,0.5382,12:32:14 AM,12:32:17 AM,biqawi_#9,11,TRUE
242,1,يعني أنا مش ايه؟,0.7505,12:32:18 AM,12:32:19 AM,biqawi_#9,4,TRUE
243,3,استخدمها آه الهيلامه منستخدمها كتير بس منكنش عارفين أصلها عبري,0.535,12:32:21 AM,12:32:25 AM,biqawi_#9,10,TRUE
244,1,هي كلمة فزع معناها فزع,1,12:32:25 AM,12:32:27 AM,biqawi_#9,4,TRUE
245,1,أنا بس بدي أتصور هالعشرين ألف مستوطن لو إنهم كانوا هم في الأقصى يعني لو قلبنا الصورة وحطيناهم جوا.,0.6716,12:32:27 AM,12:32:33 AM,biqawi_#9,18,TRUE
246,1,أكم دكتور نفسي بدهم ولاكم سنة.,0.757,12:32:35 AM,12:32:38 AM,biqawi_#9,6,TRUE
247,1,يا زلمة طلع الواحد من الحرم بعد ما كسر الدنيا الشاب طلع يلعب باليردو,0.7632,12:32:40 AM,12:32:44 AM,biqawi_#9,13,TRUE
248,1,كمل سهرته على قطايف شاب شاب شارع صلاح الدين,0.6527,12:32:47 AM,12:32:50 AM,biqawi_#9,8,TRUE
249,1,نزل صلى الفجر.,0.6463,12:32:51 AM,12:32:52 AM,biqawi_#9,3,FALSE
250,2,"طيب كم كمان شغله وأنت الحكواتي و حكواتي كنت أكثر حدا ممكن يجاوبني على السؤال هاد بالله الشباب بالقدس من وين بتجيبوا المصطلحات؟ يعني هاي طالعة وبا جناح وشباب الورد و وين يا ورد ومش عارف إيش هدولي طبعا هاي كلمات ومصطلحات بيتم استحداثها يمكن باب العمود ولا بحرب الحواري وبعدين كل الفلسطينيين بكل محل بصيروا يتعلموها وبرة العرب بيصيروا يعرفوها هاي كلمات فلسطينية, بس هي أصلا من القدس من دواوين القدس كيف بتصير هيك؟",0.6925,12:32:54 AM,12:33:20 AM,biqawi_#9,67,TRUE
251,1,التكنولوجيا يمكن قربت هذا الموضوع.,0.6925,12:33:20 AM,12:33:23 AM,biqawi_#9,5,TRUE
252,1,يعني هي شاب بتطلع معه هيك أوكي يعني.,0.8046,12:33:23 AM,12:33:27 AM,biqawi_#9,8,TRUE
253,1,إمبارح مثلا واحد بيقول للمستوطنين إللي مش عارف روح منجيب الفردات بنوصلكم على تل أبيب فش مشكلة شباب.,0.692,12:33:28 AM,12:33:35 AM,biqawi_#9,18,TRUE
254,2,هاها,1,12:33:35 AM,12:33:37 AM,biqawi_#9,1,FALSE
255,1,فطلعت كيف فش مشكلة شباب فش مشكلة شباب زي طالعة وزي أعطيها وزي نفست وزي حلقتله ,0.5797,12:33:37 AM,12:33:45 AM,biqawi_#9,11,TRUE
256,1,"عارف إنت واحد بيطلع هالمصطلح معه, الشباب عطول بتتناقلوا في دائرة بيحطو هاشتاج بتروح وكذا بتلاقيها انتشرت.",0.689,12:33:46 AM,12:33:55 AM,biqawi_#9,17,TRUE
257,1,يعني أنا اليوم ابني أول كلمة بحكيها عالتلفون اه شو الوضع.,0.7795,12:33:55 AM,12:33:59 AM,biqawi_#9,11,TRUE
258,2,إه.,0.6347,12:34:00 AM,12:34:00 AM,biqawi_#9,1,FALSE
259,1,السلام,1,12:34:00 AM,12:34:02 AM,biqawi_#9,1,FALSE
260,1,وعليكم السلام مساء الخير كيفك يابا إن شاء الله طبعا فكان في تليفون بيني وبين أبوي يعني.,0.6843,12:34:02 AM,12:34:07 AM,biqawi_#9,17,TRUE
261,1,فش تليفون ما كانش مولود يعني التلفون هاهاها,0.6397,12:34:08 AM,12:34:12 AM,biqawi_#9,8,TRUE
262,1,بس هم يا أخي.,0.9021,12:34:12 AM,12:34:14 AM,biqawi_#9,4,TRUE
263,1,في نوع من الإبداع حقيقة عشان ما نقول شيء صدفي يعني في نوع من من الإبداع في التفكير حتى في طريقة المقاومة.,0.7441,12:34:15 AM,12:34:22 AM,biqawi_#9,15,TRUE
264,2,لا في في هلسنة عالية وفي وفي مقاومة البياخة كمان.,0.7441,12:34:23 AM,12:34:27 AM,biqawi_#9,8,TRUE
265,1,"هلسنة عالية لما إنت بتكون في عندك 30 40,000 وبتيجي إنت بدك ترمي قنينة فاضية على الجندي معناته إنت تحت علامة سؤال يصح اللحظة هاي لا",0.6774,12:34:29 AM,12:34:38 AM,biqawi_#9,24,TRUE
266,1,معركة البوابات ومعركة باب العمود وهون وهون وهون يعني بدك تحسبها.,0.8425,12:34:39 AM,12:34:44 AM,biqawi_#9,9,TRUE
267,1,شوف.,0.8014,12:34:45 AM,12:34:46 AM,biqawi_#9,1,FALSE
268,1,إيه.,0.7465,12:34:46 AM,12:34:47 AM,biqawi_#9,1,FALSE
269,1,بعتو مسجات طول الليل إمبارح للشباب بأعرف أكيد وصلتكم القصة إنه نحنا نحنا مخابرات شفناك هلأ هذا يعني ما هو الجندي بيجي على الباب بقلو أنا جاي آخذك بقله طيب وقف برة عشان بدي أشلح البنطلون وأغير البجامة خليك واقف برا جاييك واوعى تلقط حبة لوز إوعى.,0.5987,12:34:50 AM,12:35:11 AM,biqawi_#9,46,TRUE
270,2,اه اه ورح تتحاسب,1,12:35:11 AM,12:35:12 AM,biqawi_#9,3,FALSE
271,1,وبطلع الشاب بدها تخوفه مسج شفناك بالحرم مش عارف إيه,0.566,12:35:12 AM,12:35:16 AM,biqawi_#9,10,TRUE
272,2,لا وهي وهي بس هي مش بس مخفش منها هو نشرها,0.7122,12:35:17 AM,12:35:20 AM,biqawi_#9,9,TRUE
273,1,لا طبعا,1,12:35:20 AM,12:35:21 AM,biqawi_#9,2,FALSE
274,2,على السوشيال ميديا وقاعدين بهددو,0.4904,12:35:21 AM,12:35:24 AM,biqawi_#9,5,TRUE
275,1,يعني احنا مستعدين نساعد,1,12:35:24 AM,12:35:26 AM,biqawi_#9,4,TRUE
276,1,"يعني اه انا عارف إنت هقعد في المحكمة ال في محكمة الصلح في المسكوبية يوم،",0.7157,12:35:26 AM,12:35:32 AM,biqawi_#9,13,TRUE
277,1,"يعني بتستنى محكمة حدا إن شاء الله ما بعمرك بتستنى محكمة حدا بس أنا قعدت مرة ساعتين وتلاتة وأربعة وخمسة فا قدام محكمة واحد من ولادي يكون في حوالي 15، 20، 25 محكمة كنت أفكر إنه ابني بس هيك.",0.8063,12:35:33 AM,12:35:46 AM,biqawi_#9,33,TRUE
278,1,"يطلع كل واحد إيش يما بدك تخلي المقلوبة الله يرضي عليك، والله إذا واحد بمد أيده على ايش حجة بدك تجوزيه الله يسعد الرابط تبعك هلأ إللي ماسكه بتحسهم إنه تنين آلات وليس آدميين مش مستوعبين إنه هذا مفروض مثلا يبكي.",0.6762,12:35:47 AM,12:36:04 AM,biqawi_#9,37,TRUE
279,1,يما ضربوني ,1,12:36:04 AM,12:36:06 AM,biqawi_#9,2,FALSE
280,1,زي ما هو بيشوف زي ما هو متربي زي ثقافته.,0.5509,12:36:06 AM,12:36:09 AM,biqawi_#9,6,TRUE
281,1,فبالتالي كمان إنت نفسيا بتخلق عنده تحطم نفسي داخلي.,0.7273,12:36:10 AM,12:36:14 AM,biqawi_#9,9,TRUE
282,1,بيصير يجيك يقرب عليك وخايف منك مع إنك إنت إنسانيا لا لا يمكن إنك تمد أيدك عليه لا يمكن.,0.7194,12:36:15 AM,12:36:22 AM,biqawi_#9,16,TRUE
283,1,لأنك ثقافتك ودينك وأخلاقك وتربيتك بتمنعك إنك ترفع أيدك على آخرين بس هو خلص إنزرع الخوف جواك عشان هيك إنت قلت لما بيقولوا وز أو اه يمكن ينط عن الحيط.,0.6659,12:36:22 AM,12:36:34 AM,biqawi_#9,30,TRUE
284,2,وهاي صارت خلص هاي تريندات خاصة على التكتوك يعني هي بتحدد هيك العلاقة للمزي الشباب بينها وبين بعض بتزاود على بعض مين بخوف أكثر مين بتلفن أكثر مين مين بخوف أكثر وهيك طيب أنا إحنا شفنا مشهد كمان إمبارح إيه مشهد كثير عظيم إحنا بنعرف إنه القدس فعليا,0.6659,12:36:35 AM,12:36:53 AM,biqawi_#9,38,TRUE
285,2,"هي هلق هي رافعة فلسطين يعني والمشهد الأخير إللي شفناه التفاف الناس حواليها من من من نقاط اشتباك متواضعة بالضفة نتيجة الظروف إللي موجودة فيها أو السلطة والقمع إللي موجود بس في نفس الوقت ال 48 ونقاط الاشتباك الواسعة والباصات إللي كانت تحمل ووصولا للمحل اللي هو كمان غزة يعني حركت حالها وإنه إحنا تحت أمركم، يعني بمعنى المطالب إللي طلعت إنه بدنا إياكم تفرجوا وتعملوا كذا وتسوا كذا في شخصية",0.7856,12:36:53 AM,12:37:24 AM,biqawi_#9,60,TRUE
286,2,"إيه مركزية قاعدة بتكون إللي قاعدين بنوصف فيها ونحكي عنها، بس كمان بنفس الوقت شفنا مشهد إللي هو وقت ضرب بالصواريخ أنا هذا بدي توصفلي إياه، كيف شكله إيه إيه شفنا هيك مشاهد فيديوهات بس إذا بتحكيلي قصص وين إنت كنت وكيف كان المشهد من من محيطك ومع الناس للحظة إللي إللي ال ال كل فلسطين قاعدة بتستنى ب بانتصار غزة للقدس وقوف",0.7778,12:37:24 AM,12:37:49 AM,biqawi_#9,53,TRUE
287,2,ودعم,0.7778,12:37:49 AM,12:37:49 AM,biqawi_#9,1,FALSE
288,2,"أهل غزة ومقاومة غزة للقدس، وبنفس الوقت طلعت الصفارة وطلعت الصواريخ ال.",0.7778,12:37:49 AM,12:37:55 AM,biqawi_#9,11,TRUE
289,2,إيه الجنود والمستوطنين بلشوا يهربوا وشبابنا بصوروا بالجنود وهم بهربوا بيسقفوا وبيصفروا هذا المشهد هيك أحكيلي عنه أكثر فصللنا إياه أكثر؟,0.7049,12:37:55 AM,12:38:05 AM,biqawi_#9,21,TRUE
290,1,إيه يمكن هذا إللي بدك تعطيه لمحلل سياسي.,0.8033,12:38:07 AM,12:38:11 AM,biqawi_#9,8,TRUE
291,1,أ إيه في السي آي إي.,0.6048,12:38:12 AM,12:38:13 AM,biqawi_#9,6,TRUE
292,1,البنتاغون يعني يحطوهم ويضلوا يتفرجوا عليهم يومين تلاتة ويفكروا كثير في الموضوع يفكروا للمدى البعيد الاستراتيجي مش للمدى التكتيكي القريب يعني.,0.7172,12:38:14 AM,12:38:23 AM,biqawi_#9,20,TRUE
293,1,إيه.,0.7157,12:38:24 AM,12:38:25 AM,biqawi_#9,1,FALSE
294,1,إحنا ناس مبنحبش الحرب,0.7639,12:38:26 AM,12:38:28 AM,biqawi_#9,4,TRUE
295,1,يعني بدنا نعيش فاهم علي شمعنى أنا ابني إللي عمره 6 7 سنين لما بيشوف صاروخ بصير يصفر وبنبسط,0.7694,12:38:29 AM,12:38:36 AM,biqawi_#9,19,TRUE
296,1,في في قلبه قهر بحجم الصاروخ وسعر الصاروخ ومدى الصاروخ بعشر مرات ففي عنده هيك بارقة أمل ولو على شكل صاروخ.,0.8007,12:38:36 AM,12:38:46 AM,biqawi_#9,18,TRUE
297,1,المقدسيين.,0.6879,12:38:46 AM,12:38:47 AM,biqawi_#9,1,FALSE
298,1,وأنا م يعني بحبش أستعمل هذا المصطلح.,0.75,12:38:49 AM,12:38:52 AM,biqawi_#9,7,TRUE
299,1,"بس وجودهم بهذه المنطقة سطر آيات من الصمود اسطورية يعني أصبحت مثلا للآخرين, فبالتالي لما أنا موجود بمحل في قمة صراع يعني في هون كسر عظام عن جد كسر عظام وبلاقي حدا يقول لي سلامتك هاي ظهري معك شد.",0.7936,12:38:52 AM,12:39:10 AM,biqawi_#9,35,TRUE
300,1,كيف بدو يكون,0.7732,12:39:11 AM,12:39:12 AM,biqawi_#9,3,FALSE
301,1,أم إنه أنا مش لحالي.,0.7933,12:39:13 AM,12:39:15 AM,biqawi_#9,5,TRUE
302,1,أنا مش لحالي.,0.8915,12:39:16 AM,12:39:17 AM,biqawi_#9,3,FALSE
303,1,ورغم ذلك أنا بقلك لليوم وبكره وبعده يعني إي طبعا المشاهد إللي بتحكي عنها إي.,0.745,12:39:18 AM,12:39:25 AM,biqawi_#9,15,TRUE
304,1,"أنا شفت زيها بباب ال شفتها باب الخليل حقيقة يعني شوفتها بالخليل كان في تجمع عدد كبير من المستوطنين وهم جايين عائلات حقيقة، يعني جاي بتعرف الجد المنتصر في ال 48 جايب أولاده وأولاد أولاده وأحفاد أحفاده يورجيهن بطولته واسمه على الحجر باب الخليل لما هو حرر فلسطين فاهم كيف بلحظة كله هذا قدام الولد في الس كيف العجل بيطلع على مسمار هيك كلهم كانوا هيك وبعدين",0.722,12:39:26 AM,12:39:56 AM,biqawi_#9,57,TRUE
305,1,ش وصاروا يهزو بالحيط ويدقوا على باب الخليل باب الخليل مسكر بتعرف في بابين لباب الخليل في باب الحديد وفي الباب الشارع,0.6807,12:39:56 AM,12:40:04 AM,biqawi_#9,17,TRUE
306,1,"قاعدين بيدقوا على الباب افتحولنا وكأنه أمه جوا يعني بدها تفتح له مهو جوا زي برة لو فتحت وما فيش إشي جوا، بس هي الفكرة إللي بالراس إنه ودوني محل غير هون.",0.6698,12:40:05 AM,12:40:14 AM,biqawi_#9,31,TRUE
307,1,يعني أنا سمعت مسبات بالعبري هيك هيك من الزنار لأختي إللي جابني على هون.,0.6548,12:40:14 AM,12:40:20 AM,biqawi_#9,13,TRUE
308,1,ما هو كان مفكر حاله عالم ورقص ومي وعصير ويضرب حجار على دكاكين العرب في البلدة القديمة ويسب,0.7126,12:40:21 AM,12:40:28 AM,biqawi_#9,18,TRUE
309,1,فاهم هذا إللي تعودوا عليه.,0.7653,12:40:28 AM,12:40:30 AM,biqawi_#9,5,TRUE
310,1,هلق بدهن يفكروا كتير قبل ما يعيدوها يعني.,0.7867,12:40:31 AM,12:40:34 AM,biqawi_#9,8,TRUE
311,2,و وشو وشو أثر وشو أثر كمان ال ال ال خليني خليني أحكي ما قبل الضربة نفسها أو الصواريخ حكينا عن المشهد بس ما قبلها دخول غزة.,0.8019,12:40:35 AM,12:40:45 AM,biqawi_#9,20,TRUE
312,2,إيه.,0.8019,12:40:45 AM,12:40:45 AM,biqawi_#9,1,FALSE
313,2,"إيه كان طبعا من خلال التهديد ومن خلال الساعة 6:00 وإذا بتعملوه كذا بنساوي وكذا، بعدين بدكم تخلوا الحرم وتنسحبوا من الحرم وكذا.",0.8019,12:40:45 AM,12:40:52 AM,biqawi_#9,20,TRUE
314,2,إيه إيه هذا هذا.,0.8019,12:40:52 AM,12:40:54 AM,biqawi_#9,3,FALSE
315,2,قديش اليوم أثر إيجابا على على على نفسية الناس وعلى نفسية؟,0.8019,12:40:54 AM,12:40:58 AM,biqawi_#9,9,TRUE
316,1,انا بقلك مبيرح,1,12:40:58 AM,12:40:59 AM,biqawi_#9,3,FALSE
317,1,الصبح إمبارح صباحا.,0.7047,12:40:59 AM,12:41:01 AM,biqawi_#9,3,FALSE
318,1,كانت قلوب غزة في الأقصى اليوم صباحا قلوب الأقصى.,0.853,12:41:02 AM,12:41:06 AM,biqawi_#9,8,TRUE
319,1,في شارع غزة.,0.8947,12:41:07 AM,12:41:08 AM,biqawi_#9,3,FALSE
320,1,أم يعني هي المسألة,0.7552,12:41:09 AM,12:41:11 AM,biqawi_#9,4,TRUE
321,1,يعني بالظبط هيك,0.8522,12:41:13 AM,12:41:15 AM,biqawi_#9,3,FALSE
322,1,هذه يعني,0.9112,12:41:15 AM,12:41:16 AM,biqawi_#9,2,FALSE
323,1,وحدة لا تنفصل. سيبك من السياسة وموازين القوى وال مش عارف إيش وكل هذه القصص أنا بحكي من بشر لبشر ناس لناس يعني لإنه كمان يمكن الظرف إللي قاعدة فيه أهل غزة إللي قاعدين فيه أحبتنا في غزة بشبه ولو من بعيد ظرفنا,0.8363,12:41:18 AM,12:41:34 AM,biqawi_#9,38,TRUE
324,1,الحصار لما شب ليش شب بيروح على مسيرة العودة مرات بيقول لأمو أنا رايح بدي انطخ يما.,0.7416,12:41:36 AM,12:41:42 AM,biqawi_#9,16,TRUE
325,1,سكروا كل بارقة أمل بوجهه. صارت تتقاتل مع جوزها بتطلع بدها تستشهد صارت إللي مش إيه إللي بدهم يجوزوها غصبا عنها تطلع عشان فنحطو في مكان ليس لهم بديل إلا الانفجار يعني.,0.7706,12:41:44 AM,12:41:58 AM,biqawi_#9,30,TRUE
326,1,فبالتالي يمكن هذا كمان.,0.8292,12:41:58 AM,12:42:01 AM,biqawi_#9,4,TRUE
327,1,بيعطينا صورة شوي أوضح إنه إيه مرات بقولك دولة في غزة ودولة بالضفة والقدس مش عارف هذا كله دواوين هلسنة يعني لإنه إحنا فاهمين لهلسنة الداخلية يعني يعني أنا بالمناسبة لداوي وامبارح قلت شدة أبو العبد شد قربت القدس علي اللد شماس ألة الرملة بإعتبار إنه اللد بالرملة بلد وحدة متلنا متل إمبارح نطلع ع الرملة طلع ناس عم يشتغلوا عليهم 75 سنة وكل شوي إحنا بنحاول نصدق إنه.,0.6962,12:42:02 AM,12:42:33 AM,biqawi_#9,62,TRUE
328,1,والله انمسحوا وراحوا بقعدوا بالمطاعم مش عارف شو,0.6069,12:42:34 AM,12:42:39 AM,biqawi_#9,8,TRUE
329,1,كل شيء بيتغير كل شيء بيتعاطى مع هالواحد تكتيكي إلا عز إلا العزة وكرامة النفس يعني.,0.7507,12:42:40 AM,12:42:45 AM,biqawi_#9,13,TRUE
330,1,يعني اجت لحظات كله وين ما كان وين ما تطلع يعني في.,0.7713,12:42:46 AM,12:42:51 AM,biqawi_#9,9,TRUE
331,1,عزبة عزبة الاشي من قرية صغيرة في النقب.,0.5589,12:42:57 AM,12:43:00 AM,biqawi_#9,7,TRUE
332,1,هذه 70% من شبابها بخدموا في الجيش الإسرائيلي.,0.6967,12:43:01 AM,12:43:04 AM,biqawi_#9,8,TRUE
333,2,اه شو إسمها مشيقب؟,0.6967,12:43:04 AM,12:43:05 AM,biqawi_#9,4,TRUE
334,1,طلعت مبارح كسر طلعت إمبارح كسرت الدنيا عشان الأقصى إمبارح طلعت كسرت الدنيا عشان الأقصى فبالتالي ال ال ال البويا إللي زينوها 7 8 وجوه ما بتمسك لهلا مش ماسكة.,0.5583,12:43:07 AM,12:43:23 AM,biqawi_#9,21,TRUE
335,2,"لا، وامبارح",0.5583,12:43:24 AM,12:43:25 AM,biqawi_#9,2,FALSE
336,1,على غسان كنفاني لما قلتله صفية 20 سنة بشفاهها وصيفها ما قدرش تمحي خرابيش الولاد عن الحيطة.,0.5583,12:43:25 AM,12:43:30 AM,biqawi_#9,17,TRUE
337,2,مظبوط ومبارح بتعرف هيك المشهد تحديدا ال 48 بشكل أساسي إذا بدي أتجاوز المظاهرات المنظمة في في مراكز المدن والبلدات وبدي أروح بإتجاه المستوى المظاهرات الثانية.,0.8178,12:43:31 AM,12:43:43 AM,biqawi_#9,24,TRUE
338,2,إيه إيه.,0.8178,12:43:44 AM,12:43:45 AM,biqawi_#9,2,FALSE
339,2,"بشكل عام بتشوف مشهد إنت بنافي كل إشي يقال عن الأسرله وال والي هي حاضرة موجودة بس فعليا هي ما أثرت على الهوية الوطنية بالشكل إللي إحنا بنحكي عنه، لإنه المظاهرات فرضا إللي طلعت من ال 48 هي أكثر من إللي طلعت بالضفة يعني مع مع أخذ بعين الاعتبار على أساس القمع إللي موجود.",0.8178,12:43:45 AM,12:44:03 AM,biqawi_#9,45,TRUE
340,2,بس فعليا طلعت ع أعداد من الناس و وشكل المواجهة.,0.7373,12:44:04 AM,12:44:08 AM,biqawi_#9,10,TRUE
341,2,و.,0.7373,12:44:08 AM,12:44:08 AM,biqawi_#9,1,FALSE
342,2,وضمن تعقيدات وتركيبة المشهد إللي موجود إللي صار إمبارح نافى كل نفى كل إللي إنت إللي إللي زي ما حضرتك تفضلت كل التسجين آه وصهر الهوية وصهر الوعي إللي انحكى عنه يعني.,0.7373,12:44:08 AM,12:44:19 AM,biqawi_#9,24,TRUE
343,1,شوف أنا يمكن عشان كمان بروح كثير على المدن وهيك وإشي يعني.,0.7373,12:44:19 AM,12:44:24 AM,biqawi_#9,12,TRUE
344,1,اسا أنا لداوي الأصل يعني أنا أبوي إله مطعم فول كان باللد بدي إياه اعرف وين محله,0.6808,12:44:25 AM,12:44:30 AM,biqawi_#9,16,TRUE
345,1,"إيه مش هاي القصة القصة إنه اللد مدينة إشتغل على إشتغل على ابتلائها بالمخدرات والقتل والجريمة المنظمة، يعني وفعلا اجت فترة يعني.",0.7697,12:44:31 AM,12:44:43 AM,biqawi_#9,19,TRUE
346,1,باتت اللد مركز لها القصة.,0.6628,12:44:44 AM,12:44:46 AM,biqawi_#9,5,TRUE
347,1,لما بلحظة هيك تكة.,0.679,12:44:47 AM,12:44:49 AM,biqawi_#9,4,TRUE
348,1,بيطلعوا الشباب والصبايا بينزلوا الإعلام وبيرفعو علم فلسطين,0.7784,12:44:50 AM,12:44:54 AM,biqawi_#9,8,TRUE
349,1,عشان مستوطنة زعران دعس شب فلسطيني,0.7767,12:44:55 AM,12:44:58 AM,biqawi_#9,6,TRUE
350,1,فالقصة ما انتهت ولا راحت ولا إنه يلا كفتله بالكيس والله يرحمه وشو بدنا نسوي وهدول يلاك فروحنا تحت احتلال وأملنا لالله هذه راحت القصة,0.7132,12:44:59 AM,12:45:11 AM,biqawi_#9,23,TRUE
351,1,يعني الله موجود لا شك دائما يعني بس كمان يعني الله يرحم ام كلثوم إنما للصبر حدود  إنما للصبر حدود يا حبيبي بحبها عفكرة,0.5977,12:45:12 AM,12:45:23 AM,biqawi_#9,18,TRUE
352,2,الله يخليك أبو بيسان طيب سؤال على العيد,0.7172,12:45:25 AM,12:45:27 AM,biqawi_#9,8,TRUE
353,2,"هلأ آه آه، آه آه",0.7172,12:45:27 AM,12:45:30 AM,biqawi_#9,3,FALSE
354,2,عادات العيد إللي إنت بتعرف كل البلاد ولافف في كل البلاد وين أغرب عادات العيد في فلسطين.,0.7172,12:45:30 AM,12:45:35 AM,biqawi_#9,12,TRUE
355,1,وشو اغرب عادات مع العياد اه,0.5599,12:45:36 AM,12:45:38 AM,biqawi_#9,6,TRUE
356,1,يعني أنا مش قادر أستوعب إنه الغزازوة بفطرو فسيخ في العيد.,0.7228,12:45:39 AM,12:45:43 AM,biqawi_#9,11,TRUE
357,2,هاهاها إنت جماعة المعلاق يعني.,0.7436,12:45:45 AM,12:45:47 AM,biqawi_#9,5,TRUE
358,1,آه لإنه لا وإحنا يا أبيض يا أخضر يعني.,0.7621,12:45:48 AM,12:45:53 AM,biqawi_#9,8,TRUE
359,1,يا رز يا لبن يا حشوة يا إشي زي هيك يعني بس لما أنا بقولولي أصدقائي كتار من غزة وهيك إنه على السفرة إللي بس يخلق تضارب في السوق سعره بقوله طلعت الفكرة يا سيدي العزيز فرعونية بالأساس المصريين الفراعنة الأصل كانوا زي ما بحنطو السمكة بس بين السمكة لما تتحنط,0.6076,12:45:54 AM,12:46:16 AM,biqawi_#9,42,TRUE
360,1,اه يعني فرعوني تبين السمكة لما بتحنط بتعطي طعم تاني غير توت عنخ أمون يعني إي وطبعا إحنا والدي كان على علاقة جيدة ببعض الناس من غزة كان يجيبولنا الفسيخ بسلات سلات قش مصفته عليها الرمل تبع البحر بينكم طبعا,0.6328,12:46:17 AM,12:46:35 AM,biqawi_#9,38,TRUE
361,2,ابو بيسان انا بحبوش للفسيخ,1,12:46:35 AM,12:46:37 AM,biqawi_#9,5,TRUE
362,2,بتضايق منه انا,0.6425,12:46:37 AM,12:46:39 AM,biqawi_#9,3,FALSE
363,1,بتحبوش؟,1,12:46:39 AM,12:46:40 AM,biqawi_#9,1,FALSE
364,1,إيه هم بيقولوا الفسيخ بشطف سوسة رمضان,0.6555,12:46:40 AM,12:46:44 AM,biqawi_#9,7,TRUE
365,1,هات ترجمها ما هذا زي أعطيها وزمرت وطالعه معك هلسنة غزة الجميلة يعني,0.6151,12:46:45 AM,12:46:52 AM,biqawi_#9,13,TRUE
366,1,"بقولك لازم ناكل مالح يخلي ريقنا ينزل قد ما نشف ريقنا من الشوب في رمضان هاهاها يحطوه على السفرة هذا وجبة رئيسية يعني هلق إحنا كان بالنسبة إلنا هو فاتح شهية يعني في سمكة وحدة فسيخة ولو بتحبوش لقمتين تلاتة تفتح شهيتك على الباقي، الله أعلم أهلنا كانوا خبثه",0.7512,12:46:52 AM,12:47:10 AM,biqawi_#9,45,TRUE
367,1,يعني خبث الذكاء برضه كان عندهم أعطيها لما كان يقول لك يابا كول خبز مع الزيتون بتشبع كول خبزة مع الزيتونة بدنا نفهم إنه إذا إنت بتقدرش تاكل زيتونتين ورا بعض لإنه بتروح زيتون على أخوك فكلها بخبزة.,0.6934,12:47:11 AM,12:47:24 AM,biqawi_#9,35,TRUE
368,1,"فاهم كيف بيكون إنت وأخوك بصحن واحد عشان البركة، مش عشان البركة عشان فش صحون وهي الطبخة هي أو دينها يعني دبرت حالك أكلت أكلت فتبدأ تكتشف شوي شوي كمان الحكمة الفطرية هاي من وين جابوها كيف دبروها وكيف طلعو هالجيل هذا إللي جاي يعني.",0.7304,12:47:25 AM,12:47:43 AM,biqawi_#9,40,TRUE
369,1,ال48 آسف آخر إشي يعني.,0.6885,12:47:45 AM,12:47:47 AM,biqawi_#9,5,TRUE
370,1,أول شغله عملها المهاجر الفلسطيني المهجر الفلسطيني أول شغله صار يدور كيف وين بدو يعلم ابنه,0.8442,12:47:48 AM,12:47:55 AM,biqawi_#9,13,TRUE
371,1,صار يشتغل بوياجي وصار يشتغل كذا وكذا طب يا إبن عمي ست سنين بعد ال48 بنينا الخليج كله.,0.7044,12:47:57 AM,12:48:03 AM,biqawi_#9,17,TRUE
372,1,وللمهجرين برضه أعطيها وطالعة معك,0.4677,12:48:04 AM,12:48:08 AM,biqawi_#9,5,TRUE
373,2,صح صح,1,12:48:08 AM,12:48:08 AM,biqawi_#9,1,FALSE
374,2,"صح طيب و أعطيني أعطيني كمان عادتين غريبات في فلسطين غير الفسيخ، أنا ممنون إنه الفسيخ كانت أغرب إشي لإنه فعلا هي هاي إشي غريب يعني بس أعطيني كمان عادتين غريبات.",0.6944,12:48:08 AM,12:48:19 AM,biqawi_#9,26,TRUE
375,1,"شوف أنا العادي إللي يعني ال آه ال ال ال شوية غريبة لحد الان أنا مش قادرة أست، مش قادر يعني أبلعها",0.6907,12:48:20 AM,12:48:29 AM,biqawi_#9,16,TRUE
376,1,"قصة إنه هي مش العادة بتسبك رمضان، على كل حال هي إنه الخليلي طبعا في القدس في منه إنه الزوج بينعزمش بنعزم البنت.",0.7501,12:48:30 AM,12:48:39 AM,biqawi_#9,19,TRUE
377,1,يعني بنتي و ولادها بس جوز بنتي بجيش ممنوع يجي,0.7489,12:48:40 AM,12:48:44 AM,biqawi_#9,9,TRUE
378,1,هذه عزيمة ولايا بيعتبروها طب أنا وين أروح طيب,0.5765,12:48:45 AM,12:48:49 AM,biqawi_#9,9,TRUE
379,1,أنا وين اروح بتكون انت عازم,0.5765,12:48:49 AM,12:48:49 AM,biqawi_#9,6,TRUE
380,1,عن جد إنت اليوم عازم الولايا يعني بناتك وأولاد بناتك طب أبوهم العرص وين يروح يعني يفطر في الشارع الحرم ياخد لوجبة أو كذا هاي مش قادر أستوعبها لأنه في فكر مرات,0.6855,12:48:51 AM,12:49:03 AM,biqawi_#9,29,TRUE
381,1,"إيه شوي غريب يعني، فا بتبعله بعض العادات يعني، بعدين مسألة إنه",0.8288,12:49:04 AM,12:49:10 AM,biqawi_#9,11,TRUE
382,1,"إي فوق العشر سنين بتعيدش،",0.6635,12:49:10 AM,12:49:13 AM,biqawi_#9,5,TRUE
383,1,العيدية إلا بعد ما يصير فوق العشر سنين لإنه قبل العشر سنين بيبقى أبوه ياخدهم أو أمه أو أخته,0.5891,12:49:14 AM,12:49:20 AM,biqawi_#9,16,TRUE
384,2,هاهاها,1,12:49:20 AM,12:49:22 AM,biqawi_#9,1,FALSE
385,1,"فهو ما أخذتش ما أخذتش من مرة يعني، بس أنا بتمنى ترجع أيام العيد إللي كان عنا إحنا ديزني لاند في باب صبات.",0.8354,12:49:22 AM,12:49:31 AM,biqawi_#9,21,TRUE
386,1,أم هذه قبل ديزني لاند إللي عملوها في نيويورك.,0.653,12:49:32 AM,12:49:35 AM,biqawi_#9,9,TRUE
387,2,شو كيف كان ديزني لاند يعني؟,0.6689,12:49:36 AM,12:49:37 AM,biqawi_#9,6,TRUE
388,1,لوس انجيلوس وكالفيورنيا,1,12:49:37 AM,12:49:39 AM,biqawi_#9,3,FALSE
389,1,ديزني لاند اليوم عيد يالالا ولبست جديدة يالالا فستان,0.5062,12:49:39 AM,12:49:42 AM,biqawi_#9,8,TRUE
390,1,أحمر.,0.5062,12:49:42 AM,12:49:43 AM,biqawi_#9,1,FALSE
391,1,يالا عصدر مطرز يالالا وعم أتفرج يا سلام على عجايب الزمان شوف عنتر الهمام جايب عبلة من قدام يا وها القصص هذه وتشتري بلوزة وتشتري كباب وتشتري و تستأجر حمار التعريف إللي عندي العمرية وقرش لعند السبيس وإذا وقعت مش نزل بالحمار مش مؤمن عليك يعني الحمار بدون أمان.,0.5062,12:49:43 AM,12:50:01 AM,biqawi_#9,45,TRUE
392,2,هاهاها,1,12:50:01 AM,12:50:04 AM,biqawi_#9,1,FALSE
393,1,"ونستأجر بسكليتات ونروح على السينما إيه يعني السينما إنت تروح على السينما يوم العيد، هذه واحدة من طقوس إنه أنا يعني معاي حق تذكرة سينما يعني إي",0.7404,12:50:04 AM,12:50:15 AM,biqawi_#9,22,TRUE
394,1,اليوم بعيدوش في البلد.,0.8061,12:50:17 AM,12:50:20 AM,biqawi_#9,4,TRUE
395,1,يعني كله بحجز.,0.7699,12:50:21 AM,12:50:22 AM,biqawi_#9,3,FALSE
396,1,"فاهم كيف, كله بحجز",1,12:50:22 AM,12:50:24 AM,biqawi_#9,4,TRUE
397,2,فارطه اه آه طيب أوكي.,0.6015,12:50:24 AM,12:50:27 AM,biqawi_#9,5,TRUE
398,2,أبو بيسان انا بدي أختم بأخر سؤال بالعادة أنا بنهيه بجوز تستغرب شوي متل الكل إيه إنت بتحب المقلوبة؟,0.6015,12:50:27 AM,12:50:35 AM,biqawi_#9,19,TRUE
399,1,بعتمد وين مقلوبة.,0.633,12:50:36 AM,12:50:37 AM,biqawi_#9,3,FALSE
400,2,شو هاي شو جديدة هاي شو بيعتمد وين المقلوبة؟ كيف مقلوبتك إللي بتحبها؟,0.7802,12:50:38 AM,12:50:43 AM,biqawi_#9,10,TRUE
401,1,اذا مقلوبة على جنبها ولا مقلوبة على بوزها علقيت سالو الخليلي,0.4381,12:50:44 AM,12:50:47 AM,biqawi_#9,9,TRUE
402,1,أنو أذكى المقلوبة على زهر ولا ع باذنجان قلهم اه البيتنجان بدمع عالرز شوف المصطلحات الباذنجان بدمع عالرز بس الزهر بجفل منه.,0.6765,12:50:47 AM,12:51:00 AM,biqawi_#9,20,TRUE
403,2,هاهاها,1,12:51:00 AM,12:51:01 AM,biqawi_#9,1,FALSE
404,1,هو أنا بحب مقلوبة الباذنجان مع لحمة ونقطة.,0.7302,12:51:01 AM,12:51:05 AM,biqawi_#9,8,TRUE
405,2,اه خلصنا هاي هي أصلا هاي هي المقلوبة الفلسطينية نقطة.,0.7302,12:51:05 AM,12:51:09 AM,biqawi_#9,8,TRUE
406,1,مقلوبة البيتنجان مع لحمة,1,12:51:09 AM,12:51:11 AM,biqawi_#9,4,TRUE
407,1,معاها أكمن شرحة البندورة هدول القمار بيلزقو بالطنجرة هيك بتلحسون بعد ما أمك إيش,0.4502,12:51:11 AM,12:51:14 AM,biqawi_#9,14,TRUE
408,2,فيهن حموضه,1,12:51:14 AM,12:51:16 AM,biqawi_#9,2,FALSE
409,1,وبنصير نهجم على الإحاطة تبعت إذا لزق إشي يعني صايم أنا كمان شو بيدروا المدفع,0.4721,12:51:16 AM,12:51:21 AM,biqawi_#9,15,TRUE
410,2,هاهاها,1,12:51:21 AM,12:51:23 AM,biqawi_#9,1,FALSE
411,2,"أبو بيسان شكرا شكرا جزيلا إلك يعني إحنا آه عملنا مقابلة استثنائية آه بظرف استثنائي ب بالعيد، بس أنا بالنسبة لإلي إنت واحد من الناس إللي إيه دائما في عز القهر، وفي عز الحروب وفي عز المواجهات آه والقدس هيك علمتنا وشباب القدس الهلسات يعني هيك علمونا آه آه كيف كيف نقدر نجمع كثير أشياء فا ممنون لك على على الحلقة هاي، وشكرا على على المشاركة هاي وبنتمنى يعني شعبنا وإحنا كل سنة",0.7788,12:51:23 AM,12:51:54 AM,biqawi_#9,58,TRUE
412,2,نكون بأفضل وعيدنا في السنة الجاي يكون بهدات بال أكثر.,0.5906,12:51:55 AM,12:51:58 AM,biqawi_#9,10,TRUE
413,1,"كل عام وإنت بألف خير وكل اللي حيسمعو أو يشاهدوا هذا اللايف وهذا الفيديو بألف خير وصحة وسلامة وفرح وهداة بال ونحن نحب الحياة إذا ما استطعنا إليها سبيلا وراح نستطيع نحن مش مستقرة الحج يعني الحج هداك إله علاقة بالمصاري بس نحنا هون نستطيع ويعني، لإنه إذا كانت الظروف هي التي تصنع الإنسان فعلى الإنسان أن يصنع ظروفا إنسانية.",0.7511,12:52:00 AM,12:52:24 AM,biqawi_#9,54,TRUE
414,2,شكرا شكرا لإلكم ويعطيكم ألف عافية كل سنة وأنتم سالمين.,0.744,12:52:25 AM,12:52:29 AM,biqawi_#9,9,TRUE
415,1,وأنت سالم .,0.6025,12:52:29 AM,12:52:31 AM,biqawi_#9,3,FALSE
416,2,شعبنا بخير دايما.,0.6025,12:52:31 AM,12:52:31 AM,biqawi_#9,3,FALSE
