﻿ID,speakerId,text,confidence,start,end,PodcastID,UniqeWordsNum,NeedTagging
1,1,في جزء كبير من العلاج إنه تعترف إنه خوفك مش ضعف فيك وخوفك منطقة ومباراة لظروف أصلا أقل رد فعل إلها إلها الخوف كمان نقطة إي إنه.,0.7414,12:00:00 AM,12:00:12 AM,biqawi_#11,25,TRUE
2,1,"بنشجع الناس بينهم وبين بعض يحكوا آه صح إحنا زي ما بيقولوا دايما الفلسطيني هيك عنده عزة نفس راسه مرفوعه إنه أنا من أنا منضربتش أنا ما ما تأثرت ش أنا مش عارف إيش صح هذا الكلام صح، بس برضه بينا وبين بعض، بدنا نحكي يا جماعة الخير ولا نحنا ال الشيء مكلف كتير على نفسياتنا المظهر إللي بنظهر فيه قدام العالم هذا إللي بشوفنا فيه صراحة كلفنا كثير يعني.",0.7413,12:00:12 AM,12:00:42 AM,biqawi_#11,60,TRUE
3,2,مرحبا يا بهزاد,0.7695,12:00:54 AM,12:00:56 AM,biqawi_#11,3,FALSE
4,1,اهلا بيك,1,12:00:56 AM,12:00:56 AM,biqawi_#11,2,FALSE
5,1,أحمد,0.7695,12:00:56 AM,12:00:57 AM,biqawi_#11,1,FALSE
6,2,بهزاد آه آه بدنا نبلش مباشرة باسمك مرة ثانية ما علش سريعا هاهاها ماذا يعني اسمك من غير القصة الطويلة تبعته؟,0.7373,12:00:58 AM,12:01:07 AM,biqawi_#11,20,TRUE
7,1,"تمام, إسمي اسم فارسي مركب إي معناه إبن الحسن والجمال",0.7373,12:01:07 AM,12:01:12 AM,biqawi_#11,10,TRUE
8,2,مين سماك إياه؟,0.7318,12:01:14 AM,12:01:15 AM,biqawi_#11,3,FALSE
9,1,سماني يا سيدي والد والدي و وكان يعني كأسمانيا هو معجب بالاسم بدون ما يعرف تفاصيله بدون ما يعرف معناه.,0.7318,12:01:15 AM,12:01:24 AM,biqawi_#11,17,TRUE
10,2,آه أوكي.,0.7732,12:01:25 AM,12:01:26 AM,biqawi_#11,2,FALSE
11,1,تمام.,0.7732,12:01:26 AM,12:01:27 AM,biqawi_#11,1,FALSE
12,2,طيب جميل هلأ هاي إن شاء الله بتتحسن ظروف الكهرباء والإنترنت عندكم وانقطاع الإنترنت وبيكون عنا رفاهية نناقش اسمك في البداية هاي يا جماعة جماعة في ديد لاين موجود عنا نحنا اليوم يعني غريب من نوعه بس إنه بهزات من البداية قلي إنه على ال على يعني كمان تقريبا 40 دقيقة ل 45 دقيقة إييه راح تفصل الكهرباء فأنا نحنا مجبورين نخلص النقاط الرئيسية خلال هذا الوقت صح هيك؟,0.7732,12:01:27 AM,12:01:55 AM,biqawi_#11,57,TRUE
13,1,صحيح,1,12:01:55 AM,12:01:56 AM,biqawi_#11,1,FALSE
14,2,تمام وأي فواصل أي تعطل بالإنترنت بالصوت هذا إللي قدرنا نعمله إلنا يومين قاعدين بنحاول ندور على أي أشياء بتمنى إن شاء الله الأمور في غزة تتحسن والكهرباء والإنترنت بيه هو كل هاي الإمدادات إن شاء الله ترجع كيف كانت قبل الحرب وأفضل بإذن الله يعطيك ألف عافية,0.7241,12:01:56 AM,12:02:13 AM,biqawi_#11,43,TRUE
15,1,الله يعافيك.,0.7241,12:02:13 AM,12:02:14 AM,biqawi_#11,2,FALSE
16,2,بهزاد إنت إنت كيف بتعرف حالك وكيف بتكره أو بتحبش الناس يعرفوك؟,0.7241,12:02:14 AM,12:02:20 AM,biqawi_#11,11,TRUE
17,1,"طيب سريع، أنا بحب أعرف حالي يعني بهزاد الأخص طبيب من غزة، وحصلت درجة الماجستير في تشايلد منتلهيلث من كينغس كوليج لندن.",0.7241,12:02:20 AM,12:02:30 AM,biqawi_#11,21,TRUE
18,1,حاليا شغال كطبيب في مجال منتل هيليث مع Gaza Community Mental Health Program,0.8768,12:02:30 AM,12:02:33 AM,biqawi_#11,13,TRUE
19,1,أو برنامج غزة للصحة النفسية ايي أمم بصراحة يعني معمريش فكرت كيف الناس بتحبش ا تعرف عني بس يمكن مناطق المبالغة في التعريف هذه الشغلة والخطأ في لفظ الإسم هذه شغلة تانية يعني.,0.6384,12:02:35 AM,12:02:53 AM,biqawi_#11,31,TRUE
20,2,أنا لفظته صح ولا لأ؟,0.684,12:02:54 AM,12:02:56 AM,biqawi_#11,5,TRUE
21,1,"لا صح مية المية، بس مرات يعني في ناس هاهاها بتشوهوا",0.684,12:02:56 AM,12:03:00 AM,biqawi_#11,11,TRUE
22,2,هاهاها كيف بيحكوا,0.6859,12:03:01 AM,12:03:03 AM,biqawi_#11,3,FALSE
23,1,والله بحرزاد  بحزاد لحظة ويعني وشغلات ثانية,0.6859,12:03:04 AM,12:03:09 AM,biqawi_#11,7,TRUE
24,2,شو بيطلع معهم؟,0.6988,12:03:10 AM,12:03:12 AM,biqawi_#11,3,FALSE
25,1,أيش بيطلع معهم صحبه أنا بعد وهم يعني بس بحبش الشغلة هذه.,0.6988,12:03:12 AM,12:03:15 AM,biqawi_#11,12,TRUE
26,2,"طيب أنا قصة الاسم هذه بقدرش أساعدك فيها لإنه اسمك غريب بدك تتحمله، بدك تقضي عمرك وأنت قاعد تفسر معنا وتدرب الناس على وحده بس قضية أظن ال المبالغة بالتعريف يمكن هذا الشيء بيتعلق كمان بدك تعيش معه بفلسطين لحد ما الناس تستوعب يعني مجال شغلك أكثر وتتعامل معه بشكل يعني بحجمه هيك يعني بهذا المعنى أظن.",0.7401,12:03:17 AM,12:03:39 AM,biqawi_#11,51,TRUE
27,1,صح صح يعني عم برضه صح عن بعض الناس.,0.7401,12:03:39 AM,12:03:42 AM,biqawi_#11,7,TRUE
28,1,اية م يعني م إيه ف بتشوف بن نتيجة شح الفواصل إللي موجودة وإنت مثلا بتكون مخلصه انا وعامل هانا ومعك درجة من هان فا انه بيعتبر يمكن يعتبر إنه إشي زي بديش أقول خارق بس يعني إشي الزيادة على اللي حواليك لكن واقعا هو مش الزيادة يعني هذه وجهة نظري بس إللي بتعزز النظرة هادفة مبالغ سواء بهزاد وكثير غير بهزاد إيه إللي هو الشح الفاص خلت الناس تنظر على إنه أي حدا محصر كثير هو.,0.6455,12:03:43 AM,12:04:15 AM,biqawi_#11,64,TRUE
29,1,حاجة مبالغ فيها.,0.825,12:04:15 AM,12:04:16 AM,biqawi_#11,3,FALSE
30,2,إي.,0.7329,12:04:18 AM,12:04:19 AM,biqawi_#11,1,FALSE
31,2,طيب بهزاد بدي أنطلق اليوم من من وين إنت شغال يعني المكتب كحاليا إنت إللي استعارته عشان نعمل اللقاء هذا وين موجود شو مجال شغلك وبدي ترجع يعني بس بمسار سريع لإنت كيف وصلت لإنه إنت فعليا قبل ما حصلت الماجستير من برة غزة كان عندك مشوار داخل يجوا غزة درست في الجامعة الإسلامية أظن فبنحب هيك بس نكون تساعدنا نبني معاك profile سريع تفضل.,0.7329,12:04:20 AM,12:04:45 AM,biqawi_#11,56,TRUE
32,1,يي أنا حاليا شغال زي ما حكيت لك في برنامج غزة للصحة النفسية إييه وهو من المؤسسات الرائدة في قطاع غزة وغير الحكومية إللي إللي بتشتغل في مجال الصحة النفسية وبتقدم خدمات لل للمرضى النفسيين نحكيها والناس إللي عندهم صعوبات في الصحة النفسية وكمان عنده لهم في جانب حقوقي معهم بيشتغلوا إييه مم إيه اشتغلتها أنا بعد ما خلصت دراسة ماجستير في بريطانيا حكيت في لندن بعد ما رجعت,0.7577,12:04:46 AM,12:05:16 AM,biqawi_#11,51,TRUE
33,1,عملت ماجستير الصحة النفسية للطفل قبل هيك في ال2016 أنا تخرجت من كلية الطب من الجامعة الإسلامية في غزة إي وكنت بدأت الدواء ست سنوات هي كنت بدأت في ال في ال2010 إييه بيمكن الناس كانت يعني حد أول سنوات الدراسة بتتفاجئ إنه في كليات طب في في غزة إنه مثلا إنت بتدرس طب هو في عنا في طب في غزة ولكن الآن النظر بعدها على الإعداد الكبيرة إللي تخرجت من إيه من كلية الطب في الجامعة الإسلامية,0.7695,12:05:16 AM,12:05:48 AM,biqawi_#11,53,TRUE
34,1,جامعة الأزهر نظرة هذه بدأت كثير يعني أن تقريبا تقريبا وجهة نظره انتهت أ إمم قليل من الأطباء بروح هذا التوجه في غزة نروح تدرس في مجال المينتال هليث أو الصحة النفسية أو تكمل فيها.,0.6944,12:05:48 AM,12:06:04 AM,biqawi_#11,32,TRUE
35,1,إي ال الحاصل إنه في هذه المؤسسة بتعطي برنامج الدبلوم العالي في الصحة النفسية فأنا سجلت في ال في البرنامج هو بالشراكة مع الجامعة الإسلامية ودرست تقريبا سنة ونص وبعد هيك قدمت على منحة ال على بريطانيا وطلعت لي المنحة ودرست في بريطانيا.,0.7579,12:06:05 AM,12:06:27 AM,biqawi_#11,35,TRUE
36,1,إي.,0.56,12:06:30 AM,12:06:31 AM,biqawi_#11,1,FALSE
37,1,كهرب ما تكهرب,1,12:06:31 AM,12:06:32 AM,biqawi_#11,3,FALSE
38,2,"كمل كمل كمل ما فيش مشكلة، كمل",0.5788,12:06:32 AM,12:06:36 AM,biqawi_#11,4,TRUE
39,1,أه وهيو الكودا شغال يعني ,0.5788,12:06:36 AM,12:06:40 AM,biqawi_#11,5,TRUE
40,1,"اه اه كنت بحكي قبل هيك إنه إنه قليل من أطباء اللي بروحو بيدرسوا Mental Health بعد ما يخلصوا الست سنوات، لإنه الطب شو يا ب مختلف عن باقي التخصصات وإنت ما بتعمل بس في ماجستير ودكتوراه، إنت بتعمل شيء إسمه training job أو تخصص، بكون مدته من تلات إلى ست سنوات حسب التخصص إللي بتروحوا تخصصات جراحية، تخصصات غير جراحية، إلى آخره، موضوع طويل كثير بس إنه بيعتمد على مش درجة أكاديمية هو.",0.7714,12:06:40 AM,12:07:11 AM,biqawi_#11,64,TRUE
41,1,درجة عملية مهنية أكثر بكثير فبتكون إنت فترة التخصص ش في مستشفى مش في جامعة يتعامل مع المرضى ومع ومع حالات في مستشفى.,0.6648,12:07:11 AM,12:07:21 AM,biqawi_#11,20,TRUE
42,1,ال ال اه.,0.6134,12:07:22 AM,12:07:23 AM,biqawi_#11,2,FALSE
43,2,طب بهزاد بال بال بدي ابلش قبل ما يعني إيه قبل ما ندخل بال بال بالمقابلة ب بلبها ايه في إشي في نقاش حقيقي إنت كنت تحكي من وجع طالع أو أو من أذى يعني إييه إنهم إنت إلك شهرين راجع من غزة راجع من برة على غزة هيك صح إنت يعني زي أصحابنا إللي قبل فترة بآخر شهرين رجعوا على غزة لإنه خلص الموضوع صار بخير تمام والمصور رجع يصور عنا صديق اسمه حسام سالم فعليا ننزل إجازة وما وصلش بيته.,0.7154,12:07:27 AM,12:07:57 AM,biqawi_#11,62,TRUE
44,2,"حكيت وكمل مباشرة يعني فكثير أجيال أو كثير شباب ما شاء الله عنكم يعني ايه رجعتوا وبلشت مباشرة ما أخذتوش هذه ال الإجازة أو الرفاهية وكنت تحكيلي على أشياء بتتعلق برا وجوا تتعلق بأنو إنت فعليا عندك مصاري عندك مسارين مسار مهني ومسار شخصي شفت برة غزة وشوفت غزة وشوفت فعليا أكاديميا على مستوى التخصص عندك، كيف الناس تتعاطى فيه بغزة على مستوى عملي وعلى مستوى نظري وبرة كمان على مستوى عملي ونظري وقلتلي كمان هيك جملة مفتاحية أظن بس أذكرك فيها",0.722,12:07:57 AM,12:08:27 AM,biqawi_#11,66,TRUE
45,2,إنه م مش كل شيء بزبط برة بزبط جوا ومش كل شيء بزبط جوا بزبط برة وفي أشياء منتعلمها برة ما بتزبط في غزة والناس بغزة غيره وأظن هذا جدل بتعلق كله بفكرة إنه قديش العلم هذا العلم تحديدا إللي إنت بتدرسه بيزبط في مناطقنا و بيتعاطى مع خصوصيتنا وخصوصية ثقافتنا وخصوصية ال خصوصية الاحتلال وتبعاته بشكل أساسي يعني.,0.7453,12:08:27 AM,12:08:52 AM,biqawi_#11,46,TRUE
46,2,فا تع هيك نحكي على تعطيني هيك نمشي معك تفضفضلي على الفروق ما بين جوا أو غزة,0.7532,12:08:53 AM,12:09:00 AM,biqawi_#11,15,TRUE
47,2,برة وغزة عفوا ,0.7112,12:09:02 AM,12:09:04 AM,biqawi_#11,3,FALSE
48,1,صح,1,12:09:04 AM,12:09:04 AM,biqawi_#11,1,FALSE
49,1,"إي، إي هو كثير كبير السؤال متفرع بس حاول من أول مرة من أول نقطة تذكرتها، إللي هو موضوع انك ترجع وخصوصا بعد فترة يعني تعتبر طويلة وتبدأ مثلا شغل مباشرة إيه المعروف إنه إنت إذا كنت إي المعروف يعني علميا إنه إنت بس تروح تسافروا على بلد لأول مرة حتصير عندك شيء إسمه cultural shock أو أو الصدمة ثقافية حتاخد بالمط من شهرين يعني بالمتوسط",0.7112,12:09:04 AM,12:09:32 AM,biqawi_#11,53,TRUE
50,1,"بتنصدم في البلد في كل مظاهرها  الثقافية الفكرية بالاجتماعية بكل إشي، والفترة هذه عادة يعني هي اسمها صدمة بتكون صعبة بس بتجاوب بعد  يعني بضب بمساعدات ب بطرق معينة بتتجاوزها إللي بتصير بعد ما تتأقلم وتتجاوز لما ترجع على بلدك بتصير إسمها reversal cultural shock.",0.7262,12:09:33 AM,12:09:54 AM,biqawi_#11,41,TRUE
51,1, الصدمة الثقافية ال المنعكسة أو اللي بالعكس إللي هو تكون إنت يعني أبن البلد وئام المفترض ما تنصدمي لكن هذا علميا هيك هيك بتصير فا رجعنا على غزة المفترض نحن متوقعين وحتى هذا أخذناه في يعني orientation sessions  في الجلسات قبل ما نسافر لانه حكولنا هيك هيك رح يصيروا معاكم إن نحن متوقعين إنه الآن لا الأمر حيكون مختلف يمكن لما ترجع على غزة حتكون الصعوبة أكبر بكثير من الصعوبة إللي واجهتها إنت لما طلعت هناك أول مرة لأن تعودت على نمط حياة مش عمرك ما شفته.,0.715,12:09:55 AM,12:10:28 AM,biqawi_#11,69,TRUE
52,1,"وترجع في الآن على غزة، فكنت أنا بموت بالضوء صراحة، يعني شخصية حسيت إني أنا بموت فعلا بال بالمرحلة هادي خلال شهر ونص إللي فاتوا وإن ولما كنت أخوض نقاشات والناس تجي تسلم وتبارك وتهنئ مثلا براجعها وتصير في أسئلة هيك معينة أكثر ما حدا سألني قال لي يعني معقول إنت نسيت مثلا أو إنت راح تعود 26 27 سنة في سنة ونص مثلا.",0.6967,12:10:29 AM,12:10:52 AM,biqawi_#11,55,TRUE
53,1,"فهو آه يا عمي أنا ما بحسبها على سنة ونص 27 سنة يعني أنا بحسبها إنه اليوم هناك بكل بكل احتمالاته بفرق عن اليوم هنا بكثير فا فأكيد السنة ونص بت بتأثر فيك فكنت بمر و حسيت إنه أنا بمر معه وسسألت و طلبت يعني طلبت ناس خاضوا  التجربه وحكيت معهم، قلت لهم يا جماعة أنا في عندي هنا تردد في عندي هنا حيرة شوية منعزل هاد الشيء صار و و وحكولي لا متوقع إن شاء الله بس مع الأيام مع بداية شغلك تبدأ تدرس تطلع وتنزل تمارس حياتك بشكل طبيعي، ترتب أولوياتك.",0.672,12:10:53 AM,12:11:25 AM,biqawi_#11,72,TRUE
54,1,الأمور حتمشي.,0.5401,12:11:25 AM,12:11:26 AM,biqawi_#11,2,FALSE
55,1,فا إللي صار إنه خلال الفترة هادي زادت حدة كورونا صار إغلاق خلص كورونا أجت الحرب بشكل مفاجئ سكرت كل ملف كورونا بعدين الحرب بكل تفاصيلها بكل تبعي بكل تبعاتها.,0.7038,12:11:27 AM,12:11:42 AM,biqawi_#11,24,TRUE
56,1,"بطلت شوك صارت trauma و على شوك على فالأمر أنا بوصفه للناس إللي حوالي إنه إي استيعاب وصعب يعني الأحداث متلاحقة بشكل بشكل بقلق الشخص ما أنا مش قادر أسيطر أنا حاسس إنه الدنيا بتسوقني مش أنا حتى بالسوق جزء منها يعني وهذا شيء شيء نفسيا متعب يعني ح إللي وجعه من دفعتنا إي سبعة أو ستة ما حكيت مع 4 5 كنا عن المشاعر المشتركة، حكيت مع ناس خارج ال البرنامج المنحة إللي كانوا معنا رجعوا.",0.73,12:11:43 AM,12:12:18 AM,biqawi_#11,60,TRUE
57,1,وشاركو نفس الأشياء إييه بتوقعش من الناس تفهم الكلام إللي أنا بحكيلهم  لانه ما خاضوش التجربة أ بس إللي أنا متأكد إنها حقيقية لإنه مشتركة بين معظم الناس إللي خاضوا تجربة. إييه الآن جزئية اللي إللي مختلف بين برة و جوا الشغلات إللي  تطبق برا و ولا تطبق جوا في مجال الmental health وال psychiatry  بالذات هذا شيء معروف هذا الشيء evidence  يعني مبني على العلم بالأدلة إنه,0.6684,12:12:18 AM,12:12:48 AM,biqawi_#11,56,TRUE
58,1,تخصص الطب النفسي أو ال psychiatry  إللي هو اسمه social medicine.,0.5866,12:12:48 AM,12:12:51 AM,biqawi_#11,11,TRUE
59,1,"يعني الطب الاجتماعي الطب الي إنت إنت ب بتواجه في اضطرابات عاطفية الاضطرابات بتتعلق بالمزاج اضطرابات بتتعلق بالأفكار اضطرابات شخصية هاد الكل كل نوع من الاضطراب إله تابعات وعلى ال على شغلك على أسرتك على على الوسط المحيط فيك فهو اجتماعيا متداخلة بشكل كبير جدا يعني يعني حتى الظروف الاجتماعية في بعض وجهات النظر القوية هي التي تؤدي إلى مثلا للاضطراب النفسي مثلا، فهو اسمه شو السوشيال ميديسن social medicine الآن",0.745,12:12:52 AM,12:13:25 AM,biqawi_#11,59,TRUE
60,1,كيف بختلف عن برا وجوا إنه الوسائل.,0.7694,12:13:25 AM,12:13:28 AM,biqawi_#11,7,TRUE
61,1,سواء وسائل التشخيص أو العلاج المطبقة في في في دول الغرب بالذات نقول في بريطانيا في أمريكا في كندا إي لا تعني بالضرورة تماما إنه تثبت نفس فعاليتها وكفاءتها لما تطبق في مجتمعات الشرق الأوسط أو المجتمعات الشرقية وهاد الاشي إللي هو اسمه cultural difference.,0.856,12:13:29 AM,12:13:53 AM,biqawi_#11,38,TRUE
62,1,إمم دايما إللي هو من من إي أقوى أسباب النقد لكل إي وسيلة تقييم إي بنستخدمها في شغلنا يعني مثلا نحنا بنقيم التوحد بناء على معيار معين بنقيم حدة الاكتئاب بناء على معيار معين منقيم ال الخوف الفوبيا المختلفة بناء على معاليك على تولز معينة ايي هذا للأسف معظمها طووت في البلاد هديك وطووت بشكل يناسب,0.7261,12:13:54 AM,12:14:25 AM,biqawi_#11,44,TRUE
63,1,"الثقافة والمجتمع تبعهم صح هو علم لكن بشكل يناسب الثقافة والمجتمع، الآن إحنا لما بندرس مندرس DSM إللي هو المرجع  ل الإحصاء الاضطرابات نفسية إللي أصلا.",0.7465,12:14:25 AM,12:14:38 AM,biqawi_#11,23,TRUE
64,1,يؤسس وينشء في أمريكا أو,0.5955,12:14:40 AM,12:14:41 AM,biqawi_#11,5,TRUE
65,1,إي لكن هل كل شيء فيه فعليا يطبق على مجتمعنا؟,0.8637,12:14:44 AM,12:14:50 AM,biqawi_#11,10,TRUE
66,1,"أنا زي ما دراست وزي ما شفتو زي ما الدكاترة إللي أكبر مني وإللي حواليها إنه لأ إنه بضل الخصوصية الثقافية والمجتمعية في بلادنا إييه عائق كبير أو وعاقب كبير وقدام تطبيق هذا، لكنها ممكن تكون مزايا في بعض الأوقات، إي نقطة ثانية إنه في ساعي خلال آخر السنوات إنه نعمل بسموها أي شيء يعني يعني هذه الأدوات إن نعيد صياغتها بشكل يناسب مجتمعاتنا.",0.742,12:14:51 AM,12:15:22 AM,biqawi_#11,54,TRUE
67,1,"إيه في خصوصا فيما يتعلق في ال في الاكتئاب، لأن من أشهر الاضطرابات النفسية و و و في مصر يعني في مصر والأردن، في دكاترة نجحوا إنه إنه بالإشي هذا يعني إنه يربط ال assessment  أو العلاج بالظروف الاجتماعية والثقافية المحيطة.",0.7045,12:15:23 AM,12:15:43 AM,biqawi_#11,29,TRUE
68,2,"اوك عظيم أنا أنا بدي أحكي لك شغله، كنت وأنا أحضر للحلقة قاعد عم يعني قاعد بسأل ف في يعني صديقة مهتمة في في المجال هذا، فأنا جربت أقولها إنه الشيء كثير حساس، الحلقة راح تكون كثير حساسة، إي إي و ضيفه و واعي للقصة هاي يعني، يعني أنا كيف فهمت الprofile تبعك لما كنت بسأل عنك، بس كنت بجرب اقلها إنه يعني ايه تعالي ساعديني بس وين وين الألغام إللي أنا مش لازم أدخل فيها, يعني على أساس المشاهد فعليا ما تكون الحلقة اثرها سلبي عليه.",0.7675,12:15:46 AM,12:16:15 AM,biqawi_#11,66,TRUE
69,2,"مراسل بي عليه، طبعا أنا مبسوط جدا بب إللي إنت قلته حاليا لأنك أجبت على يعني تخوفاتها كانت بتقول لي ما أعمل الحلقة نهائيا ايهو ولازم الحلقة هاي متخصصين يخوضوها ويناقشوا فيها وأنا كنت بحاول أقلها يعني بإمكانها تجنبها، فأنا من البداية إنت وفرت علي كل شيء، إيه بدي بدي أنتقل معك شكرا على المقدمة نفكر هذه أهم إشي وهي ريحتني يعني هلأ بدي أنتقل للمحل للمحل بهزاد إللي بتعلق بكورونا يعني أول شيء ا",0.6878,12:16:15 AM,12:16:45 AM,biqawi_#11,64,TRUE
70,2,"بدي راح نحكي عن الحرب بس إللي هو يعني كمان إنت عندك في تجربة شخصية كمان غير غير قضية إنك ممكن تساعدنا بتشخيص تبعاتها إيه إي ورح نحكي بس أكثر بدي أفهم بدي بدي آخد عينة بس إنه من خلال سنة شو صار في غزة على مستوى الناس يعني في تراكمات موجودة سابقا وفي الفترة تبعت كورونا، أنا إللي فهمته إنه أنتم كنتم عاملين برنامج ل لمتابعة كل كل يعني كل كورونا وكل تبعاتها، وكيف قلت انت",0.7662,12:16:45 AM,12:17:17 AM,biqawi_#11,61,TRUE
71,2,إنه وقف البرنامج ودخلتو في برنامج تاني وإللي فهمته كمان إنه إنتو عاملين هلق برنامج لا يعني ل لمتابعة الحرب وتبعاتها بالأكثر صح؟,0.7743,12:17:17 AM,12:17:26 AM,biqawi_#11,21,TRUE
72,1,"صح آه إحنا في إيه إحنا ما كنتش في غزة وقت كورونا بس كنت مطلع على إيش وزارة الصحة بتعمل في في كورونا إللي خصوصا في الشهر إللي أنا إجيت فيه، يعني لحقت آخر الإجراءات إللي كانوا يعملوها إييه",0.6704,12:17:28 AM,12:17:42 AM,biqawi_#11,31,TRUE
73,1,يعني لا يعني الجواب رح يكون مختصر لأني ما عشتش كل تفاصيل خطت كورونا وأنا في غزة لكن آه إللي من الشهر مثلا إنا إللي أنا إجيت فيه كانت الحكومة بتشتغل أو وزارة الصحة بتشتغل مع وزارة الداخلية إنه خصصوا مستشفى معين بكادر ومعين زودوا الساعة في أسرة العناية المركزة في البداية في أزمة الوباء كان عشان غزة إنت بتعرف في إلها معبرين أساسيين للتنقل للأفراد صار قيود كتير وعليهم الناس إللي بترجع بتنحجر.,0.7343,12:17:43 AM,12:18:14 AM,biqawi_#11,64,TRUE
74,1,في أماكن معينة عشان تمنع الاختلاط مع المجتمع ال الأمور هذه يعني أنا كنت كنت مت كنا كلنا متابعينها من وإحنا في بريطانيا لكن صراحة ما اشتغلنا فيها على أرض الواقع إللي صار إنه بعد ما أنا جعت بفترة زادت الأعداد فصارو اتخاذ إجراءات جديدة الإجراءات إللي أنا كنت بتذكرها إللي هي إللي صارت قبل الحرب إنهم ناس لا منع حركة التنقل ابتداء من الساعة 6:00 الصبح لها أو من ألف الإفطار في رمضان مثلا لل 6:00 صباحا.,0.7856,12:18:14 AM,12:18:47 AM,biqawi_#11,65,TRUE
75,1,"ايه الإغلاق المحلات إغلاق صالات الأفراح ممنوع، إقامة دول العزاء به، لا إنه بس من باب السوشيال بيستانسون، وتمنع الاختلاط الناس وبعد ذلك بيرة إييه وهذه خطوة كانت دائما بتطورها وبتابعها وزارة الصحة الآن لما أجت الحرب.",0.6569,12:18:48 AM,12:19:07 AM,biqawi_#11,37,TRUE
76,1,"إيه الحرب زي ما بتعرف الحرب يعني ما فيش فيها ما فيش فيها أي أي مجال للتهاون خصوصا من وزارة الصحة اي هو اللي صار مع هذه كان بدأ عنيفة بشكل سريع جدا يعني أعداد وشهداء كتير إصابات كتير كتير عن المرات إللي فاتت، فالخطة يعني في مستشفيات كانت مخصصة لكورونا  وأقسام كانت مخصصة لكورونا تم اتخاذ قرارات انه ترجع تشتغل بال بال بال بالساعة تبعته الاستقبال مثلا",0.7375,12:19:08 AM,12:19:38 AM,biqawi_#11,53,TRUE
77,1,"الجرحة إيه أو إنها تكون جاهزة لاستقبال الجرحة، فيما لوزارة الأصل أكثر تصعيد أكثر وأكثر ال إنت كنت تسيطر بأنك مثلا في منع تجول من الساعة مثلا من المغرب للصبح لما صارت الحرب ناس كتير في المناطق الحدودية سابت بيوت أعتقد كان رقم 46,000 اسرة 46,000 شخص أو شخص أوصى مش ض مش مش مش متأكد بس كان 46,000 نقول شخص سابوا بيوتهم وقعدوا في مدارس إللي هو",0.7396,12:19:38 AM,12:20:09 AM,biqawi_#11,54,TRUE
78,1,"مدارس تابعة لل  UNRWA لإنه هذا الشيء صار في 2014 الناس إللي شاهدت قعدت في بيوت في المدارس بما إنه هي للأنو مفترض إنه ما ما مدارس محصنة فكل خطة كورونا الواحد بدوش يحكي إنه نهارت بس نقول توقفت توقفت تماما تأجلت لاحدى عشر يوم هدول إللي صار فيهم التصعيد في المدارس، الأعداد الكبيرة كلها وجهها في وجه بعض بإجراءات السلامة ما كانت بالشكل المطلوب فيه لمواجهة الوباء ال القيود على الحركة في ال في الليل.",0.6858,12:20:09 AM,12:20:42 AM,biqawi_#11,61,TRUE
79,1,تقريبا شبه نشبه نعدمت إللي هو ال الإغلاق الليلي مثلا إي ال ال زي ما حكيت لك المستشفيات إللي كانت مهيئة إييه إنها تستقبل وقف في هذه خطة استقبال البو نستعد ت للجراحة أكثر إيه إللي صار كمان إنه في في في قصص هبط عند أقارب لهم في مناطق ثانية ممكن هي تعتبر أكثر أمانا مثلا البيت إللي كان في العادة في خمس أو ست أشخاص صار في 20 و30 ناقش شخص وهذا كله نحن عارفينه كله بيزود بزود الوباء.,0.6621,12:20:42 AM,12:21:13 AM,biqawi_#11,64,TRUE
80,1,و و وللأسف تم ضرب واستهداف المركز الوحيد لأجراء فحوصات كمون في قطاع غزة في الشارع الوحدة,0.6602,12:21:14 AM,12:21:23 AM,biqawi_#11,15,TRUE
81,1,اه,0.7353,12:21:24 AM,12:21:24 AM,biqawi_#11,1,FALSE
82,2,أوكي بهزاد إذا إذا بدنا ناخذ انعكاس إللي إنت بتقول له على على المركز على شغل المركز تبعكم إنت حكيت الي بشكل عام على إجراءات الكورونا بس أنا كنت بسأل أكثر إذا إذا بدنا نكمل الحلقة بس على الصحة النفسية ل ل وعمل ويعني وعمل المركز في مجال الصحة النفسية و خليني أحكي بدي بدي تشخيص لل تساعدنا يعني نوصل لتشخيص لفكرة الناس ما قبل الحرب هاي كيف كانت ب مراكمات الحرب بمركبات الحروب السابقة والي إنت بظن حتى أخذت منها هيك بريك شوي فبتقدر تشخصها.,0.7353,12:21:25 AM,12:21:58 AM,biqawi_#11,67,TRUE
83,2,"بشكل بشكل غير مختلف يعني بمعنى إنه يعني على الأقل أبعدت عنها ورجعت تشوفها مرة ثانية وال إحدى عشر يوم هدول خلالهم إيش بيكونوا ما بعدهم إيش بيكون إي وأنا وأنا بس بدي أنوه لشغلة إنه هاي الحلقة مش بالضبط يعني هي هي ليست ب بدرجة الأولى هي حلقة حلقة علمية بقدر ما إنه إيه إيه في في جمل تقال يعني في أرقام تقال ب بقضية إنه 99% ولا 95% من مجتمع غزة مكتئب ويعاني من كذا ويعاني من كذا، وهذه الأرقام كل مرة تتغير.",0.7859,12:21:58 AM,12:22:30 AM,biqawi_#11,63,TRUE
84,2,"فوعوامل قياسها بتكون متغيرة، وشي ثاني، إنه في عوامل الصمود إللي يعني فكرة إنه نحنا منحكي على الصمود زي كأنه صار شيء مجاني، بمعنى اهل غزة أحسن ناس وأقوى ناس وأجدع ناس وبيطلعوا على الصاروخ فجروا المريخ وبيعملوا وكذا وهيك، بس قديش هذا الشيء مكلف على مستوى مادي بنقدر نشوف أشياء بس كمان على مستوى نفس ساعدنا نحكي فيه وأنا هيك يعني آخر شيء رح أحكي وراح أترك المايك لإلك هلأ ل بيه تحكيلنا ك بهزاد الطبيب وكبهزاد ابن غزة",0.6965,12:22:30 AM,12:22:59 AM,biqawi_#11,68,TRUE
85,2,لحد ما يقطع ال الموتور.,0.5727,12:23:00 AM,12:23:02 AM,biqawi_#11,5,TRUE
86,1,إي.,0.5727,12:23:02 AM,12:23:04 AM,biqawi_#11,1,FALSE
87,1,"إن شاء الله اقدر اقيم كل النقاط يلي إنت حكيت ال الفكرة، إي أنا بتفق معك إنه إنت لما أخذت بوز أو أوقفت وطلعت في بيئة ثانية صراحة هي فرصة كانت للدراسة وفي نفس الوقت فرصة إنه إنت توقف قدام حالك وتكتشف قديش إي.",0.765,12:23:05 AM,12:23:25 AM,biqawi_#11,40,TRUE
88,1,ش قديش إنت نقول مختلف عن إللي حواليك لانه إي طالما ال ال ال إنت في غزة وهذا الشيء كان لحد أنا ما سافرت إنت الإزا إللي بصير على الناس بيصير عليك والله عليك وعلى الناس زي الناس مش حتقدر تلاحظ إي تبعات الإشيا إللي بصير عليك كمجتمع طالما إنك لسه بينهم لما سافرنا وكنا نحن دائما يعني حتى الفلسطينية كلنا جروب لكن تبعون غزة.,0.6906,12:23:26 AM,12:23:56 AM,biqawi_#11,52,TRUE
89,1,بشكل أكثر كنا جروب مع بعض كنا دائما نحكي لبعض بب على,0.7329,12:23:56 AM,12:24:01 AM,biqawi_#11,11,TRUE
90,1,اختلاف جامعاتنا على اختلاف المدن إللي كنا فيها إنه يا جماعة الخير.,0.7243,12:24:01 AM,12:24:04 AM,biqawi_#11,11,TRUE
91,1,"إي لا في في مشكلة كبيرة، نحنا مش نحنا مختلفين عن إللي حوالينا على نظرتنا للأمور مختلفة، إي إمم اكتشفنا قديش العبء إللي كنا عايشين فيه قديش هو فعلا عبئ نفسي كبير هذا مش يعني ما برضه عشان الناس تفهم إي مش كلام استسلامي أو كلام هزامي أو قد ما هو بيوضح إنه الشيء إللي قاعد بيصير عليك هو إله تبعات مش ح تلاحظها.",0.7104,12:24:05 AM,12:24:35 AM,biqawi_#11,49,TRUE
92,1,"إلا إذا أتيحت لك الفرصة في ظروف مستقرة إنك تلاحظها, فا فمن ضمن القصص إللي بذكرها يعني تأكد النظرة هذه كان في معنا طبيب برضه هناك في بريطانيا طبيب هو من غزة وإيه وكان ماشي هو وأخوه مرة في أخوه برضه في أوروبا ومعهم إي مهنية أجنبية، فهو إحنا بنتفرج على الرافعات هذا الكبير الرافعات أول مرة مثلا كنا نشوف اللي الرافعات بالحجم هذا.",0.6584,12:24:36 AM,12:25:07 AM,biqawi_#11,54,TRUE
93,1,فهو هاهاها بتطلع فبقول عندها وقعت,0.6432,12:25:08 AM,12:25:11 AM,biqawi_#11,6,TRUE
94,1,إللي هي ممكن تكون إلها إلها ست شهور أو إلها سنة بتبني في البرج ولا في ال أو ناطحة الساعة فبقول عنها وقعت ما وعلى ما وآخر حاجة هي مثلا تشوف شغله زي هيك عنده انهارت هكذا فهي حكيت لهم الكلمة هذه بتقول Gaza mentality عقلية غزة.,0.6262,12:25:13 AM,12:25:28 AM,biqawi_#11,41,TRUE
95,1,"فا فا أنا في الصف إللي كنت فيه ما فيش حدا بيحكي بال بالجانب إللي هو الانهيار ال الشغلات عنده وقع عندهم نقصف عنده ضرب، إي زي زي ما بيحكوا فيه تبعون غزة فإحنا إحنا حسينا وبعضنا  وجزء كبير من ناحك إنه لا بدنا علاج صراحة أحكي لك إياها ونحنا هناك قلنا بدنا علاج إيه بدنا علاج للكلاكية على هذه إللي جواتنا إللي إللي أثر فيها الحصار طويل والحروب المستمرة.",0.7537,12:25:29 AM,12:25:59 AM,biqawi_#11,57,TRUE
96,1,إمم لأنه.,0.489,12:26:00 AM,12:26:03 AM,biqawi_#11,2,FALSE
97,1,الكلام إللي بحكيه الآن هو الجزء الي الخطة بتشتغل عليها في العيادة حاليا لإنه نحنا بنعد التجارب إللي بتمر فيها غزة بنعدي تجربة وتجربة وتجربة متراكمة إي بدون بدون ما نعطي لأنفسنا المجال إنه نعترف بال بمشاعرنا بلحظات ضعفنا ب مخاوفنا ب تطلعاتنا خلال كل حرب بال إي خلص بنطلع من بنطلع من الحرب إيش بعد هيك بدنا نكمل حياتنا مطلوب منا نكمل حياتنا.,0.715,12:26:03 AM,12:26:36 AM,biqawi_#11,55,TRUE
98,1,"الحياة ما بتوقفش, لكن كل مثلا فترة الحب بتضل مدفونة جوانا، وهذا إشي على ال على المدى الطويل مكلف مكلف جدا والي بأكده",0.7843,12:26:36 AM,12:26:47 AM,biqawi_#11,21,TRUE
99,1,"إللي هي الإحصاءات إللي بتطلع آخر السنوات من من قطاع غزة إنه الأطفال عندهم كتير مشاعر كمشاعر اكتئاب وعزلة صعوبات نوم، إي أحلام وكوابيس تبول لا إرادي هذا على مستوى الأطفال على مستوى ال الشباب والكبار في ارتفاعات نسبة الطلاق زادت نسبة المشاكل بين الناس في الشوارع ال الناس يمكن تنظر للأرقام هذه في وقت في وقت إصدارها، لكن الناس إللي بيشتغلوا في الصحة النفسية بنظرو إلها بنظرة",0.7774,12:26:48 AM,12:27:21 AM,biqawi_#11,53,TRUE
100,1,"إنه وين ماشي وقت ما طلع التقرير أو الدراسة لكن والسنين قبل إنه هذه يبدأ التراكمات بدأت تظهر لإنه إحنا بنعرف في الحروب، إنت لما بيجيك شخص مصاب إنت بتخيط الجرح وبتسكر عليه و ولكن ال الجرح النفسي الألم إللي صار إنت إنت ما عالجته بضله بضلو حياخد وقت هو وياخد وتبعاته تاخد وقت سنوات فهو هذه كانت ال السنة ونص كانت فكانت فرصة لنا",0.6625,12:27:22 AM,12:27:52 AM,biqawi_#11,54,TRUE
101,1,ايه على اختلاف تخصصاتنا ما نعرف قديش نحنا كنا إي متأثرين بالتجارب الي مرقنا فيها متأثرين بجانب بشكل سلبي وبشكل إيجابي وأنا هنا يعني إذا كانت ال الشكل السلبي إن شاء الله ب باجي على فوائد الشكل الإيجابي من الموضوع الآن إي نحنا كيف بنستقبل أو كيف ال بنهيئ الشغل عن الفترة ما بعد الحرب هي هذاك تقريبا اليوم الثالث في الدوام إيه بنتناقش الصبح في 1:30 ساعة ساعتين بنحط خطط على إنه.,0.7273,12:27:52 AM,12:28:23 AM,biqawi_#11,63,TRUE
102,1,الناس بدأت تيجي الآن بيه اييب ب يا إما بانتكاسات يا إما حالات جديدة لأول مرة تيجي بأثر الصدمة إللي هي إللي معه فيها وعاشوها ومتوقعة كمان تزيد خلال الشهور إللي فاتت لإنه الطلاب مع بعض الصب ما بده ست شهور مثلا لا ما تجيب لا يظهر فف بالكلام إللي بنحكي إنه نحنا برضه ما بدنا نحكي بس زي الناس في الشارع يعني بالنهاية نحنا معنيين إنه فترة معلش فترة وتعدي و وإحنا بدنا نكمل وكذا لا إنت اليوم أنا مثلا كنت أحكي إنه.,0.6288,12:28:23 AM,12:28:53 AM,biqawi_#11,68,TRUE
103,1,بدك تكون واقعي مع الناس بدك تحكيلهم إنه الإشي إللي بتصير كل مثلا نقول وردود فعل طبيعية على ظروف غير طبيعية وفعلا ظروف غير طبيعية بالم بالمرة يعني عم بحكي إنه ما فيش منطق لو بدك تيجي تخضعلها للمنطق لا تخضع للمنطق الظروف الي بتمرق فيها في غزة خلال 16 سنة فبدك تفهم الناس بدها تكون فاهمة النقطة هذه ما تقسى على حالها إللي بيخاف.,0.7533,12:28:53 AM,12:29:19 AM,biqawi_#11,52,TRUE
104,1,"إي إي مش عيب الخوف عم نحكي للناس خصوصا فترة الجيل الطالع الجيل الصغير هذا الشباب إللي 16 17 سنة إنهم مش عيب، مش عيب إنك تحكي أنا خايف مش عيب إنك تعبر عن هذا الخوف لإنه خلال الحرب وشفنا حالات شباب مثلا صار ببقية إما بكاء يا إما مش قادر يتحرك يا إما كذا لأنه في عنا نظرة إنه نحنا بننظر إنه هذا إللي بيخاف أقل شوي لهذا يعني بحبش أحكي أحكي الكلمة يعني بس إنه خويفه ا ا مش راجل بالمعنى ال.",0.6911,12:29:20 AM,12:29:50 AM,biqawi_#11,62,TRUE
105,1,وهذا شيء مش حقيقي. الخوف والخوف تفسيره شرحه اعتبارات كتير لا يعيب أي شخص فا جزء جزء كبير من العلاج إنه تعترف انه خوفك مش ضعف فيك وخوفك منطقه ومباراة لظروف أصلا أقل ما بتفعل إلها إلها الخوف.,0.6918,12:29:50 AM,12:30:06 AM,biqawi_#11,35,TRUE
106,1,"إيه كمان نقطة إي إنه،",0.8285,12:30:06 AM,12:30:09 AM,biqawi_#11,5,TRUE
107,1,"بنشجع الناس بينهم وبين بعض يحكوا إي صح إحنا زي ما بيقولوا دايما الفلسطيني هيك عنده عزة نفس وراسه مرفوع إنه أنا من أنا منضربتش أنا ما ما تأثرتش أنا مش عارف إيش صح هذا الكلام صح بس برضه بينا وبين بعض، بدنا نحكي يا جماعة الخير لا نحنا ال الشيء مكلف كثير على نفسياتنا المظهر إللي بنظهر فيه قدام العالم هذا اللي بشوفنا فيه صراحة كلفنا كثير يعني.",0.7485,12:30:09 AM,12:30:39 AM,biqawi_#11,58,TRUE
108,1,إيه إيه كنت كنت الناس يعني.,0.8178,12:30:40 AM,12:30:43 AM,biqawi_#11,4,TRUE
109,1,"بحبش الكلمة بس كانوا يحكوا لنا إنتو مش طبيعيين بال بالصمود والإضاءة والإرادة إللي عندكم هو التنين صح الصمود والإرادة مش طبيعية ونحنا برضه مش طبيعيين يعني م إيه الا ليش ليش بنوصل هذا هيك إله كثير تفسيرات إله إله علاقة له علاقة بالصلابة، جزء كبير من الناس لها علاقة بفقدان الأمل في إنه الوضع يتغير وحنضل نخوض حروب وحنضل تحت الحصار، ناس بتقول لك لا إنه هذا قضائنا وإحنا لازم يكون قد المسؤولية، ل قد نظرة الناس المبنية علينا.",0.6879,12:30:44 AM,12:31:16 AM,biqawi_#11,66,TRUE
110,1,كلام كتير وإيه,0.5984,12:31:19 AM,12:31:21 AM,biqawi_#11,3,FALSE
111,1,حي يفتح علي أبواب كتير صراحة بحكيلك ياها بس إي بس الشيء مكلف كثير مكلف كثير علينا كمجتمع فلسطيني في قطاع غزة على شبابنا بالذات وعلى نفسياتنا ايه يعني شو كمان النقاط إللي إنت ذكرتها إي.,0.7225,12:31:21 AM,12:31:41 AM,biqawi_#11,33,TRUE
112,1,إيه حكيت على جزئية إنه الاختلاف في اختلاف نظرا فترة السنة ونص على ال ال ال التحضيرات عنا في البرنامج رد فعل الناس بعد الحرب في نقطة كانت في بالي بس نسيت للصراحة انت الآن حكيتها.,0.7194,12:31:43 AM,12:31:56 AM,biqawi_#11,30,TRUE
113,2,"أنا أ أنا بدي آخد بدي أداخل من بعد إذنك مش بدي أذكرك إي دائما دائما زي كأنه هذه المساحة على مدار فترات وعلى مدار السنين كان يعني كان كان ممنوع نحكي عنها أو ممنوع نثيرها، ودائما حتى يعني البعض بيجي بيقول لك إنه نحنا غير ونحنا مش طبيعيين وكذا، نحنا بنعرف إنه نحنا غير ونحنا مش طبيعيين ونحنا كذا، بس نحنا يعني أول شيء يعني بنعرف كمان إنه ممكن نتجادل بفكرة تعال نعرف شو الطبيعي، ومش راح نلاقي تعريف لشو الطبيعي وتعالي نحن.",0.7507,12:31:57 AM,12:32:29 AM,biqawi_#11,61,TRUE
114,2,"نعرف شو العادي ومش رح نلاقي شو التعريف لشو العادي يعني لإنه كل واحد بعتبر حياة حياته عادية وحياته طبيعية، بس أنا بفكر النقطتين إللي إنت قلتهم إنه",0.7394,12:32:29 AM,12:32:39 AM,biqawi_#11,26,TRUE
115,2,في إشي حقيقي لازم نعترف فيه وإللي هو مثل ما بتقدم إحنا في نهاية إي في نهاية ال اه وبالمناسبة بهزاد أنا بفكر يعني الناس مش لازم أدق فيك أو تدق فيي لأنه في غزة تحديدا يعني في حالة إبراز لعدد الإصابات وعدد الدمار على مستوى مادة في حالة في في غزة تحديدا في حالة إبراز دائما لفكرة الأرقام والأعداد اللي الي ل ل الأضرار المادية خليني أحكي والأضرار على مستوى الإصابات والجرحى والشهداء.,0.745,12:32:40 AM,12:33:12 AM,biqawi_#11,54,TRUE
116,2,"وبنفس الوقت على آخر السنة يعني هادا بشوفه أنا على آخر خمس سنين في أرقام حقيقية بالتعاون مع مؤسسات داخلية في غزة بتطلع على 95% من شهر من أهل غزة مكتئبين و30% في حالات طلاق و40% في حالات كذا وهيك فبظن هذه الأرقام يعني مش فكرة بيتم إبرازها للتدليل على على حجم ال على حجم الحصار في غزة، بس بظن كمان إنه في إشي حقيقي على مدار السنين هاي على مدار السنين الحصار، والي صار في غزة.",0.8024,12:33:12 AM,12:33:42 AM,biqawi_#11,56,TRUE
117,2,إيه إيه خلى فكرة إنه إي إي الحديث عن هذا ال عن هذه التفاصيل بأكثر أريحية هيك غير إنه أصلا العالم كله اليوم باخذها بأكثر أريحية إيه والنقطة الثانية إنه أنا بظن إنه يعني حتى على مستوى شغلكم في المركز اليوم في حالة استجابة وفي أريحية لأنه أعداد أكبر من الناس بت ب يعني أو قل تردد الناس في إنها تزور وتشارك وتشارك مشكلتها وتشارك قصتها وما يكونش عندها مشكلة إنه تنشاف وهي طالعة يعني هيك.,0.7748,12:33:42 AM,12:34:13 AM,biqawi_#11,57,TRUE
118,2,آه وال والنقطة الثانية بهزاد كمان يعني على قضية الغربة وعلى قضية هذا أنا بظن كل حدا تغرب مر ب إللي إنت قلته يعني هيك هذه الشغلة يعني هذه إنت قاعد بتحكي على حالتي أنا بالعادة بس بيكون تلات شهور من شهرين تمام ومنكون نظر إنه أوكي الشباب إنت طلعت وبدك تلات شهور بس إبن غزة ممكن يكون بدو أربع شهور خمس شهور تمام يعني بهذا المعنى هيك هيك تقديرات إللي هو خلص من التجربة مش من علم عم نحكي فيها يعني فأنا بظن إنه يعني خلص نحنا صرنا صرنا واقفين على أرضيات يعني الناس الناس أصلا بتحكي بالمواضيع هذه يعني.,0.7676,12:34:13 AM,12:34:46 AM,biqawi_#11,70,TRUE
119,2,"والناس بتحكي إنه يا عمي نحنا ماكلينها أولادنا ماكلين هوا يعني بهذا المعنى وبالأخر بنعرف إنه الاحتلال مشكلتنا بس عادي يعني نحنا قويين وصامدين و وكلفة صمودنا وقوتنا كثير أكبر يعني من من لنحكي فيه. طيب أنا أنا بدي بدي أجرب هيك أقفز قفزة معك من بعد إذنك، لما بنقول إنت ب",0.7269,12:34:46 AM,12:35:06 AM,biqawi_#11,44,TRUE
120,2,"إيه إيه خليني أحكي ما قبل ما تسافر تمام أو أو ما قبل الحرب هاي, أ في في في أرقام دائما بتطلع على فكرة مثلا إيه إنت ذكرت جزء منها على مستوى التشخيص إللي هي قضية اكتئاب وعزلة وتوحد وتبول لا إرادي وكذا عند صغار عند الأطفال وهيك خليني أحكي، إي إذا بتساعدني إنه على مدار الحصار وعلى مدار تراكمات الحرب ما قبل هذه ال إحدى عشر يوم على سبيل المثال إللي كانوا كثير قويين وكثير عنيفين إذا بتقدر تعطيني هيك حالات عامة أو تشخيص عام كيف من شوي مسكتهم عند الأطفال",0.7288,12:35:07 AM,12:35:41 AM,biqawi_#11,70,TRUE
121,2,إذا عند ال عند الكبار كذا وبعدين ندخل على خلال 11 يوم بالظبط شو بيصير مع الناس أو شو بيصير عند الناس أكثر.,0.7674,12:35:41 AM,12:35:48 AM,biqawi_#11,18,TRUE
122,1,اه,0.3656,12:35:49 AM,12:35:50 AM,biqawi_#11,1,FALSE
123,1,"هو ال قبل قبل أرقام أحكي في الشغلة إنه إي معروف،",0.7589,12:35:51 AM,12:35:57 AM,biqawi_#11,10,TRUE
124,2,غير أرقام ما هي ما يعني ما في أرقام دقيقة هلأ متأكد أنا بس إذا بمجرد تعداد للحالات يعني للتشخيص.,0.7589,12:35:57 AM,12:36:04 AM,biqawi_#11,16,TRUE
125,1,"هو في في إشي في في غزة معروف هذا لا يمكن إنكاره، إنه الصدمات ال خصوصا إللي بتصير خلال الحروب.",0.7589,12:36:05 AM,12:36:14 AM,biqawi_#11,17,TRUE
126,1,"هي إلها دور سبب قوي و ومباشر في كل المظاهر إللي إحنا بنشوفها في قطاع غزة سواء كانت مظاهر إجتماعية أو اضطرابات نفسية على مستوى الأفراد تمام, هذا نكون متفقين عليها يضاف إلها هذا في خلال التصعيدات الحادة بنقول وقت الحروب يضاف إليها سنوات طويلة من الحصار ال لل.",0.7979,12:36:15 AM,12:36:37 AM,biqawi_#11,44,TRUE
127,1,"البطالة، الفقر، الكهرباء، إلى آخره، يضاف ب هذه بتزودها بنقولها بسموها هدول الشغلتين خلونا نشوف مثلا تقارير في ال2018 نشاط و.",0.7111,12:36:37 AM,12:36:48 AM,biqawi_#11,21,TRUE
128,1,"بتحكي إنه 70% من أطفال المدارس هون إنت بتحكي على أطفال المدارس عن لحد مثلا ثاني سنوي مثلا أو توجيهي 17 18 سنة بتحكي 70% من أطفال، هدول عندهم هيك الكل الكلمة mark psychological distress ",0.7414,12:36:50 AM,12:37:03 AM,biqawi_#11,28,TRUE
129,1,علامة واضحة لانزعاج أو اضطراب سيكولوجي 70% يعني الكل بتجيب 70 طفل داخل 2018 بدك تجيب 70 طفل من كل مية طفل في 70,0.6963,12:37:05 AM,12:37:17 AM,biqawi_#11,20,TRUE
130,1,عندهم وهدول ب ب فا يعني فنطو و إنه ممكن تكون زي ما حكينا اكتئاب اضطرابات نوم إي يميل للوحدة يميل للعزلة هدول عند عند الأطفال إللي هم من أكثر الفئات إللي عرضة إنهم يطوروا طلبات نفسية لإنه للصلابة والمناعة النفسية تبعتهم نظرتهم للأمور مش مكتملة ومتطورة زي الشخص البالغ.,0.6982,12:37:18 AM,12:37:39 AM,biqawi_#11,45,TRUE
131,1,إيه تقارير ثانية قبل يعني أنا أنا ما أنا عملت آه ما رأسي هناك وطلعت برضه على ارتيكل إللي كانت جوفيال 2009.,0.7379,12:37:39 AM,12:37:49 AM,biqawi_#11,19,TRUE
132,1,"كان بيحكي إنه 95% من الأطفال في غزة عندهم اضطراب مع بعض الصدمة، وهذا إشي مش مفاجئ يعني أرقام ممكن يكون عالي كثير بس إشي مش مفاجئ لإنه غزة كله القطاع كل هالقد مسكر فحرب ال 2009 نضرب كل القطاع من السلك للسلك في وقت واحد كانت وقت أنا هداك الوقت بتذكره كويس، كنت مرويح من المدرسة إي كنت في توجيهي أخوي الصغير كان تقريبا في ثانية إعدادي، إييه أختي كانت في الثانوية أو وغزة منطقة مكتظة كتير يعني ال المدارس بتكون.",0.7269,12:37:49 AM,12:38:23 AM,biqawi_#11,64,TRUE
133,1,جنبها ملاعب جنبها مستشفيات تسمع صوت الاسعفات بتسمع وجنبها مراكز شرطة بتسمع فكل يعني الضربة في كل مكان بتأثر على كل الناس والمحيط ما فيش واحد بيقول لي هذا مستهدف منطقة بعيدة لحاله.,0.6473,12:38:23 AM,12:38:36 AM,biqawi_#11,30,TRUE
134,1,"فال الطبيعة الجغرافية لقطاع غزة بتعكس هذا الأرقام بتخليها فعلا واقعية يعني كانت هذه إنه إنه ممكن شخص وبريطانيا او فتركيا أو إللي معقول ال 95%، أقوله أقوله آه معه يعني أقل شيء لإنه الضربة بتضرب كل الناس.",0.7041,12:38:37 AM,12:38:53 AM,biqawi_#11,35,TRUE
135,1,"فا فا فا اشيء مش سر, الآن على مستوى الكبار والحالات إللي إحنا بنشوفها، يعني أنا في اليوم في المتوسط من يوم ما أجيت في المتوسط بشوف يعني من بشوف 20 حالة، 20، 25 حاله.",0.7938,12:38:53 AM,12:39:07 AM,biqawi_#11,27,TRUE
136,1,"إي ب تقريبا 15 منهم بياخدوا إللي هي الأدوية المضادة للاكتئاب تقريبا 15 من قبل هدول بعد وكانوا باديين قبل ما أجي 15 منهم أدوية ما المضادة للاكتئاب، باقي الحالات بتكون يا إما أطفال يا إما بياخدوا أدوية مثلا الذهنية أو اضطرابات نفسية ثانية بس إنه رقم كبير وأنت بتحكي عن 15/20 تلاتة أرباع 75 *75% أجي لحاله الرقم نفسه واقع قريب من الرقم إللي عملته سيرتش في 2018",0.6987,12:39:07 AM,12:39:40 AM,biqawi_#11,54,TRUE
137,1,"فا فل للأسف هي هيك يعني يعني هذا واقع إحنا إحنا بنعيشه إي الناس الآن بدأت تتجاوب معاه وتفهمه قبل ما كانت عنا ال الفهم الكافي لهذا الأرقام ولا التبعات النفسية لل لل للأشي إللي نحنا بنمر فيه, معذورين في هذه النقطة لأنه انت في مكان صنع القرار دائما في بسميه نحنا تفكير الأزمة.",0.7511,12:39:40 AM,12:40:09 AM,biqawi_#11,48,TRUE
138,1,"بدك تحل الأزمات الآنية والعاجلة فبتيجي إنت وزير قدامك مثلا مشكلة إي إجيت في وزير في حرب عندك عشرات الالاف الإصابات أو الجروح، إصابات حروب، بدك خطط علجوم حاليا بدها تأجل التبعات الثانية إجيت في في مشكلة ثانية بطالة 60% او 75%  بتتأجل تبعات الشخص العاطل عن العمل إنت ما تفكر في تبعات ما بدك بدك بدك تحل الأزمة الموجودة على هالقيت إييه آخرهم قوائد خلال الحرب كنت احضر ولا تقارير 55 55% من",0.6985,12:40:10 AM,12:40:45 AM,biqawi_#11,59,TRUE
139,1,من سكان قطاع غزة تحت خط الفقر.,0.8394,12:40:45 AM,12:40:47 AM,biqawi_#11,7,TRUE
140,1,بدك تصير تجيب مشاريع وتشكيل محم منسميها مشاريع تشغيل مؤقت تشغل الشباب تلاتة أو ست شهور بس بتشغلهم تلات أو ست شهور تبعات بعد هيك مش إنه إنت بدكاش تحلها,0.6989,12:40:48 AM,12:40:57 AM,biqawi_#11,26,TRUE
141,1,"مش قادر تحلها هي هي الفكرة فا التراكمات هذه ووصلتنا الآن لإنه نوصل الأرقام هادي و وال ومع إدراكنا الآن للأرقام هادي صرنا نقول لا إحنا بحاجة إنه نحنا بننظر اليوم إنه أنا بدي أعالج الجريح هادا بدي أعالج جروحه بعد خمس أو ست شهور أو سنة خلتنا نقول هذا الكلام، وهذا أنا بعتبره رغم كل الظروف بعتبره بداية كتير كويسة، إنه تنظر على الجرحين في نفس الوقت هذا كثير كويس ونحن وصلناله في غزة رغم إنه متأخر.",0.7283,12:40:58 AM,12:41:31 AM,biqawi_#11,63,TRUE
142,1,لكن ال الملام فيه مش إحنا الظروف ال إللي إللي بيعيشها القطاع.,0.828,12:41:31 AM,12:41:37 AM,biqawi_#11,10,TRUE
143,1,أتمنى يكون هيك يعني أجاوب التساؤل إللي عندك.,0.7606,12:41:38 AM,12:41:40 AM,biqawi_#11,8,TRUE
144,2,"لا، لا، كان كان كان إجابة إجابة ب يعني اه وافية بدي بدي انتقل لسؤال بس هلأ إنتو على خطتكم يعني ما قبل الحالات إللي عم تجي لكم ما بعد الحرب ما بعد ال 11 يوم، إللي فهمته إنه أنتم عملتوا اجتماع وسويتوا خطة متوقعين فعليا شكل الحالات شكل الأعداد شكل يعني تفاصيل ما بتخص إنه أوكي في متل ما في إدارة كيف إنت ذكرت بالأول لقضية ما بعد ال المستشفى الشفاء على سبيل المثال بعمل 1 2 3 4 5 من الإجراءات.",0.7606,12:41:40 AM,12:42:10 AM,biqawi_#11,61,TRUE
145,2,المركز عندكم كمان عمل إيه إيه خطة ما لاستقبال الحالات إللي إللي بدها تيجي ممكن تمرلي على هيك يعني بس على أبرز معالمها خاصة إنه نحنا اليوم يعني إنت بلشتو بلشتو تطبقوا بالخطة و و تستقبلوا حالات بناء عليها.,0.7575,12:42:10 AM,12:42:25 AM,biqawi_#11,33,TRUE
146,1,"نحن الآن زي ما حكيت لك إنت عملنا أكثر من لقاء وكان واضح من أول يوم مدة الدكتور مدير العيادة حكى إنه بدها تكون عنا خطة واضحة للتعامل الآن مع الصدمة والانتكاسات إللي بتصير بسبب الحرب، الخطة بتت محتواها الأساسي.",0.7575,12:42:26 AM,12:42:40 AM,biqawi_#11,38,TRUE
147,1,"انه منتعامل معهم بأساليب علمية مثبتة مش الكلام إللي بتحكي الناس العادية في الشارع, إييه اللي وهذه إلها طرق كتير يعني طوق مفصلة بدون نخوض فيها لكن إييه في شيء إسمه ال mindfullness شغلات زي كأنه الناس تكون مدة لك هذا الشيء إللي هي بطموح فيه ايه ما تنسي على حالها كتير ممكن نحتاج الدواء في بعض الأحيان ممكن نحتاج إنه تتحولها ل لجهة معينة في أحيان ثانية، إيه إحنا الآن إللي بنعمله نحنا قاعدين بنجهز فيها",0.6622,12:42:40 AM,12:43:11 AM,biqawi_#11,66,TRUE
148,1,"وبدأنا نقاء فيها بدأنا حتى في في في سنتر في أنا فويد سنتر في في لندن ب تطلعت على الأيام إللي فاتت في الأيام إللي فاتت على ال الخطط إللي هو بيعملها و ومثبتة علميا بالأبحاث كيف إنه تستجيب ل ل أحداث زي الحروب أو زي الكوارث فا فهذا الشيء نحنا الآن قاعدين قاعدين بيعملوا إيه إيه وضابط الصحة إيه، بدأت مشروع الآن في المستشفيات في دائما",0.7424,12:43:11 AM,12:43:43 AM,biqawi_#11,48,TRUE
149,1,طريق صحة نفسية في أخصائيين نفسيين شغالين.,0.7154,12:43:43 AM,12:43:47 AM,biqawi_#11,7,TRUE
150,1,إمم ما بعرفش وقديش بدا بالظبط بس أعتقد إنه بدا يمكن ممكن يعني خلال سنة قبل سنة ونص سنة سنتين بالكتير إيه وبتوقع إنه ح يزيدوا ال ك ال,0.6521,12:43:48 AM,12:44:00 AM,biqawi_#11,24,TRUE
151,1,الساعة تبعته بتوقع انه يزيد الساعة تبعته خلال الفترة الجاية لأنه ايي قبل هذا كثير كويس إنه تكون في نفس المكان إللي إنت بتعالج في الجريح أو الشخص اللي جاييك إنه يكون في دعم في فريق أخصائي نفسي بوفر الدعم النفسي في نفس اللحظة في نفس المكان إييه هذا هو هذا هو الاشي المتكامل و وهذا ب ب ماشي مع إشي اسمه Bio Psycho Social model إللي هو ال إنت بتتعامل مع الاضطراب من ناحية بيولوجية ومن ناحية الاجتماعية ومن ناحية شخصية.,0.6228,12:44:00 AM,12:44:32 AM,biqawi_#11,60,TRUE
152,1,وهذا الآن موجود في مستشفياتنا بعد ال مايتعالج الجريح ممكن بعد ذلك يتابع عنا في العيادات وفق الآلية إللي إحنا قاعدين نشتغل عليها الآن في شغل ما في إشي اسمه Trauma Focused CBT.,0.681,12:44:32 AM,12:44:43 AM,biqawi_#11,28,TRUE
153,1,في في إللي هو علاج معرفي سلوكي,0.7747,12:44:44 AM,12:44:48 AM,biqawi_#11,6,TRUE
154,1,"إي م مركز على الصدمة يعني كان ممكن بالعربي مركز على الصدمة، إي حتكون برضه من ضمن الخطة تبعتنا الفترة الجاية رح نقرأ فيه نحاول ننزل آخر التحديثات فيه ونحكي مع بعضنا بيننا الأخصائيين في العيادة ونحنا بنتعامل مع الناس حتكون عنا عليه يعني نحن برضه بهمنا كثير الناحية المهنية العلمية في الشغل لما نتعامل مع الناس في هذه الناحية.",0.7355,12:44:49 AM,12:45:14 AM,biqawi_#11,48,TRUE
155,2,إيه شكرا بهزاد بتعرف إنت قاعد بتحكي إنه يعني متفاجئ إنه يعني غزة فعليا مركزة في الموضوع هذا يعني بشكل يعني سابق حتى كثير أماكن يعني بمعنى إنه في ظروف حرب وفي ظروف كذا تناسب معها اه يعني صراحة كل الاحترام لقضية هذا إنه يعني المستشفى رح يكون في كمان قسم أو أطباء إللي يتعاملوا كمان على مستوى نفسي بالإضافة لتطبيب الجرح العادي إللي اعتدنا عليها يعني إييه ب,0.7405,12:45:16 AM,12:45:46 AM,biqawi_#11,53,TRUE
156,2,"بهزاد إذا بدك توصف إنت مستوى انفتاح الناس ومستوى انقي إي إي على المواضيع هذه بشكل عام ا وما بين يعني خلينا نحكي بالسنتين كمان إنت سافرت ورجعت, عم بتشوف فعليا إنه الناس أكثر أريحية أقل أريحية خلال الحرب بتكون أكثر أريحية بعد الحرب أخر يعني مستوى انفتاح الناس على الحديث على هذا الجانب على صحتها النفسية قديش اليوم أو كيف نقدر نوصفه؟",0.7609,12:45:46 AM,12:46:11 AM,biqawi_#11,49,TRUE
157,1,في تحسن كبير في وعي كثير لكن لازالت stigma إحنا بنسميه stigma والوصمة الاجتماعية موجودة.,0.7459,12:46:12 AM,12:46:18 AM,biqawi_#11,13,TRUE
158,1,لكن في وعي كبير إي عند الناس الناس صارت تيجي على العيادة مش مش كتير عيب أو عار أو شيء يعني إنه إنت تقول أنا بأخذ علاج من طبيب نفسي أو كذا إييه لإنه الآن يعني مش تم الإثبات والحكي بشكل واضح وصريح إنه الاكتئاب في طرق تطور وكذا مرض زي أي معرض ثاني زي ضغط الدم زي السكر وبيحتاج أدوية معينة بتوجع وظيفة الجسم لطبيعته أو ما يقارب طبيعته.,0.7678,12:46:19 AM,12:46:49 AM,biqawi_#11,59,TRUE
159,1,الأمانة في في في وعي كثير إيه أنا يمكن لها لقيتها شهرين هنا في الشغل خلال الشهرين شوفت ايه,0.6732,12:46:50 AM,12:46:57 AM,biqawi_#11,16,TRUE
160,1,"حالات شباب سواء من الجنسين إي منفتحين إنهم يحكوا عن الموضوع، يحكوا عن الصعوبات إللي بمرو فيها إيه بقرأو عن الأدوية إللي بنعطيهم وإياها بناقش مفاضلة الدواء وغير علاج دوائي أو غير دوائي, إييه معترف إنه أن أن إللي أنا عندي هذا اضطراب نفسي ومعترف يعني لدرجة كبيرة، بدناش نقول مطلقة إنه.",0.7211,12:46:57 AM,12:47:26 AM,biqawi_#11,46,TRUE
161,1,"مش خجلان منه, آه مش حيأثر عليا في أداءي الاجتماعي في الوسط المحيط فبدي أكون يعني آه صريح إنه في وعي كبير في الموضوع لكنه ل لسه مش للي نطمح إله إحنا كعاملين في المجال.",0.7497,12:47:26 AM,12:47:43 AM,biqawi_#11,28,TRUE
162,1,"يعني مش م مش بالشكل إللي بنتمناه, إنه إنه إي ما يوصل الشخص إللي بيجي عندي على العيادة ما يوصل.",0.8125,12:47:43 AM,12:47:52 AM,biqawi_#11,16,TRUE
163,1,ايه ب إللي هي ب ب الوصمة الاجتماعية إنه مريض نفسي إلى إلى آخره بكل تبعاتها إلى آخر فا بتوقع إن شاء الله كمان مع الجوازات مع الخطة إللي بتعملها سوائل المؤسسات الغير الأهلية أو وزارات الصحة بتوقع إنه ال لا حيكون كمان في وعي أكثر وتحسن ايه في المستقبل إن شاء الله وواللي بيعزز والنقطة لقيت لك إياها إنه الناس بدأت تعترف إنه الشيء إللي بنمر فيه نحنا.,0.7191,12:47:53 AM,12:48:24 AM,biqawi_#11,52,TRUE
164,1,نتيجة الصدمات إللي بنتعرض فيها والصدمات هذه الي منتعرضلها معروف سببها.,0.6975,12:48:24 AM,12:48:30 AM,biqawi_#11,11,TRUE
165,1,"إللي هو الاحتلال, وأنا بتوقع أنا يعني بعتبر إنه الوعي في التبعات هذه هو لا يقل أبدا هو نوع مقاومة أصلا من المقاومة إللي كل فلسطيني قاعد بقاومها يعني هذه وجهة نظري.",0.8335,12:48:31 AM,12:48:43 AM,biqawi_#11,27,TRUE
166,2,"أنا أنا أنا هذه وجهة نظري كمان وبظن إحنا هيك اجبنا على أغلب الأسئلة بتمنى إن شاء الله يكون لاحقا يعني في إمكانية إنه نخوض أكثر بشكل أريحي أكثر تكون في البيت على كنبايات كل تشرب عليها قهوة عندك كهرباء وإنترنت إييه أنا هذه الحلقة بهزاد مدين لإلك ممنون لك يعني هذه الحلقة كانت دائما أنا ابني انتفاضة فدائما في عندي أسئلة ما عشتش حروب بس ما زلت بشوف إنه أسئلة أو مشاهد من الانتفاضة بتطلع لي بيبي من من كل مكان ومن كل إشي، وبشوف عليا إنه يعني حتى بغربتنا دائما كنا يعني نطلع على حالنا إنت حكيت يعني.",0.7312,12:48:45 AM,12:49:19 AM,biqawi_#11,76,TRUE
167,2,"آه آه عقلية غزة أو أو نفسية غزة بس يعني كان في إشي حتى في إشي ثاني إله علاقة بالضفة بموضوع الانتفاضة بس يعني حتى بتذكر في صديق إلنا محمود اليوم موجود بلندن، قاعدين نحنا على رأس برج في القاهرة، فهو عم بتطلع على الأبراج من فوق، وبيقول أوكي طيارة F16 قديه بدها وقت لتهدي الأبراج هذه يعني بيت، ونحنا طالعين ناخذ نفس أركيلة فوق يعني هلق هذا بتاخذ نكتة وعادي وكذا وهيك يعني تمام بال يعني بال easy  بسلاسة، بس هو فعليا إله وقع كثير كبير.",0.7552,12:49:20 AM,12:49:50 AM,biqawi_#11,68,TRUE
168,2,بكثير أماكن و منشوفه يعني على مستوى أشياء حتى واصلين لقناعة بنحب نطمنك يعني إنه إنه اليوم الأريحية بالأحاديث هذه واصلين قناعه انه أوكي يعني الشعب الفلسطيني يعني في مجموعة من الأشياء إللي يمكن محتاج الشاب بياخد فلسطينية أو الفلسطينية تاخد فلسطيني عشان يعرفوا يتعاطوا مع بعض إنه آه هذا هذا يعني يعني مش عيب مش تعبان مش إنه,0.7517,12:49:51 AM,12:50:15 AM,biqawi_#11,47,TRUE
169,2,هاهاها إنه فاهملي وبيعرفوا يتعاملوا مع نفس التفاصيل بنفس الشكل مش مش رح تقولي الصبية إنه لا إنت محتاج تروح على طبيب لإنه محتاج تاخد كيس دوا معك وتأخذه كل صبح ومسا إنه خلاص يعني ها يعني عم نجرب يعني ان نتعاطى مع الحياة يعني أ ونتجاوز نتجاوز كل إشي فيها بهزاد شكرا جزيلا لإلك أنا ما بعرف إذا إنت حابب تحكي أي رسالة بالأخر تفضل راح اترك لك المايك تفضل.,0.7107,12:50:16 AM,12:50:44 AM,biqawi_#11,61,TRUE
170,1,طبعا مثل بتمنى إنه الشخص آه أنا حبعتله الحلقة يشوف يشوف هذا التعليق لإنه بتوقع إنه وفي حاليا لسه في لندن هو طبيب فكنا بنتناقش في موضوع الزواج من غير فلسطينية وكذا وكنا ف group كبير يعني حتى كان في ناس مش فلسطينية إي فهو كان قصى هحكى إنه لا كمان مش فلسطينية لا لازم تكون من غزة بقوله يا الله طيب غير يعني لو بيقول لي بدي حدا,0.752,12:50:46 AM,12:51:16 AM,biqawi_#11,56,TRUE
171,1,"نفس العقد على نفس الكفاءة من العقد يتعامل معي أنا مش حق مش حقدر حرفيا هيك إنه حدا عايش عقدي هذه شغلات، الشغلة الثانية إللي هي ممكن آخر نقطة بدي أحكيها إنه أكيد إنت عشتها إيه إنه إنه ميزة و وعنجد إشي جميل جدا جدا جدا، شو الغربة إي بتميز وأنا شوفت كثير بس بتميز الفلسطيني عن أيد حدا ثاني و",0.682,12:51:16 AM,12:51:43 AM,biqawi_#11,51,TRUE
172,1,قرأتها برضه خلال الحرب خلال التصعيد إللي فات لحدا مش فلسطيني كاتب عنها ل الدكتور إي العمري م نسيت اسمه دونهم الدكتور بألف كتب مشهور كان كاتب إنه وهذه حقيقة إنه الفلسطيني في الغربة دائما بدورو على ال على الفلسطيني زيه و والنسيج تبعهم واضح ومعروف ما فيش غلبة إي ب بيقدروا إنه يبسطوا حالهم.,0.6988,12:51:44 AM,12:52:15 AM,biqawi_#11,47,TRUE
173,1,"ايه عن جد عن جد ينبسطوا مع بعض في ال في ال في أي دولة كانوا فيها إيه بتحس فعلا فعلا إنه إنت مسنود إلك ظهر إلك مجموعة تحيط فيك وتحتضنك, هذا الكلام أكدلي إياه أنا كان معي في ال في الكورس تبعي كان معي 18 جنسية، أنا كنت العربي الوحيد أكدولي إياه كلهم.",0.7583,12:52:15 AM,12:52:34 AM,biqawi_#11,40,TRUE
174,1,"كلهم أكدوا لي إنه إنت أكثر واحد فينا عنا على إلك علاقات، إنت بنشوفك بننزل اليوم كنت في لندن م إمبارح كنت في ليدز قبله كنت في أدنبر من وين كل هدول الناس ومن هون كلهم تعرفهم كذا إنه الألف، نحنا دايما بندور على بعض، إييه بتحس عن جد عن جد بونسو هذا هذا من أحلى الأشياء إللي ممكن يعيشها الفلسطيني في الغربة، إي ممكن كثير لها تفسيرات انا بديش افسرها هيك، بس هو هذه برضه يعني إلا الناس إللي بتسمع.",0.6643,12:52:36 AM,12:53:07 AM,biqawi_#11,65,TRUE
175,1,"إيه في أمل فينا إن شاء الله سواء هانا ولا برة، بإذن الله رب العالمين.",0.7503,12:53:07 AM,12:53:12 AM,biqawi_#11,14,TRUE
176,2,"لا و و سواء جوا ولا برة خلال الحرب في في أشياء وخلال وخلال السن في أشياء يعني إللي انت قلتو منطلع عليها نحنا بالعادة بكونوا يتطلعوا عليه ل العرب إنه أنتم الفلسطينية كيف تلتمو على بعض كيف كيف يعني بتصيروا جروب كبير، كيف إنت بتعرف كل هدول وبتعرف مثلا ممكن تروح على جنسية ما تكون فيهم مختار ليه لإنه هذا الشخص اللي بعرف كثير ناس بس عند الفلسطيني في كثير مخاتير.",0.7503,12:53:12 AM,12:53:37 AM,biqawi_#11,60,TRUE
177,2,وفش ولا مختار معترف فيه. هاهاها,0.6091,12:53:37 AM,12:53:39 AM,biqawi_#11,6,TRUE
178,2,"هاهاها, وبنفس الوقت بتعرف كمان شغله يعني هلق خطرت لي مش عارف بدي أشارك فيها وأنهي فيها, إنه حتى ونحنا في غربتنا نحنا يعني أحيانا كثيرة أنا بشعر إنه مضطر الواحد يفسر إنه أنا مش كثير مش كثير بمعزل عن الظروف إللي بتصير فيها البلد يعني ب إي.",0.8025,12:53:39 AM,12:53:56 AM,biqawi_#11,39,TRUE
179,2,أنا موجود بتركيا بال 11 يوم هدول إي لما إنت بدك تنزل ع الشارع ما بعد إنه غزة وفلسطين كلها براسك واللغة موجودة في في في كل مكان بحياتك تنزل تلك الناس بتحكي تركي بتستغرب إنه إنه ليه يعني إنه إنت إنت في إحدى عشر يوم فعليا على مستوى ذهني وعلى مستوى نفسي وعلى مستوى وعي إنت بالكامل بمكان ثاني أنا موجود ممكن عم بتفرج على بحر وقاعد بوكل أحسن أكل وظروفي فعليا ال ال المادية والمحيط تبعي كثير أفضل من.,0.7676,12:53:57 AM,12:54:28 AM,biqawi_#11,62,TRUE
180,2,"من غزة ولا من طولكرم ولا من القدس, بس أنا على مستوى يعني إي نفسي بفكر كنا حتى هيك قاعدين وبنقول إنه لو إني بغزة أو لإني بطولكرم كان أنا في الحرب قاعد عباب الدار وحط هالأرجيلة تبعتي تمام وماسك التلفون نكت نحنا والشباب بس بره الأرجيلة والراس وكلشي بنعمل قدام التلفزيون لإنه إنت محتاج تضلك متابع الحدث بشكل كثير يعني يعني بشكل كثير غير عادي يعني. بهزاد شكرا جزيلا لإلك يعني نحن رح نرجع نلتقي مرة ثانية في تقارب البرنامج هذا بحلقة",0.761,12:54:28 AM,12:54:59 AM,biqawi_#11,72,TRUE
181,2,مختلفة.,0.6227,12:54:59 AM,12:55:00 AM,biqawi_#11,1,FALSE
182,2,"وإن شاء الله الظروف بتكون أفضل والكهرباء أفضل وبدي ألحق حالي أنا أنهي الحلقة قبل ما آه قبل ما يفصل الموتور وبعد منعرفش ننهيها شكرا لإلك ويعطيك ألف عافية, شكرا بهزاد.",0.7505,12:55:01 AM,12:55:13 AM,biqawi_#11,27,TRUE
183,2,تحياتي,1,12:55:13 AM,12:55:13 AM,biqawi_#11,1,FALSE
184,1,فرصه سعيده,0.7505,12:55:13 AM,12:55:16 AM,biqawi_#11,2,FALSE
185,2,تحياتي,1,12:55:16 AM,12:55:26 AM,biqawi_#11,1,FALSE
